
============= Running time: 0th =============
Creating server and clients ...
FedAvgCNN(
  (conv1): Sequential(
    (0): Conv2d(3, 32, kernel_size=(5, 5), stride=(1, 1))
    (1): ReLU(inplace=True)
    (2): MaxPool2d(kernel_size=(2, 2), stride=(2, 2), padding=0, dilation=1, ceil_mode=False)
  )
  (conv2): Sequential(
    (0): Conv2d(32, 64, kernel_size=(5, 5), stride=(1, 1))
    (1): ReLU(inplace=True)
    (2): MaxPool2d(kernel_size=(2, 2), stride=(2, 2), padding=0, dilation=1, ceil_mode=False)
  )
  (fc1): Linear(in_features=1600, out_features=512, bias=True)
  (fc): Linear(in_features=512, out_features=10, bias=True)
)

Join ratio / total clients: 1.0 / 20
Finished creating server and clients.

-------------Round number: 0-------------

Evaluate before local training
Averaged Test Accurancy: 0.1008
Averaged Test AUC: 0.4938
File path: ../results/CIFAR10_FedCP_test_0.h5
0.505633144842413 0.012139466577886313
0.5061193962987417 0.012163005304466474
0.5061564870680181 0.012212045366016624
0.5057518547281432 0.011939954337002795
0.5057241028318038 0.012348879806220743
0.5054616618017929 0.01243998796975589
0.5055165205103083 0.012071650195335484
0.506064006274468 0.012418440679301933
0.5060297904106287 0.012506889859742371
0.5063091532792896 0.012271509274205583
0.5056567265031239 0.012178632297549568
0.5058408176869547 0.012461553245621915
0.5058588604681576 0.012446029744346328
0.5057613713642917 0.012244399539559704
0.5059102469148409 0.012408744292037728
0.5061975775139504 0.012313606953937984
0.5054388082323548 0.012522897947190813
0.5058363929677469 0.012200955153721372
0.5061978845236202 0.012556588478275338
0.5053695717301124 0.01228175913526094
-------------------------------------------------- 68.1186785697937

-------------Round number: 1-------------

Evaluate before local training
Averaged Test Accurancy: 0.1021
Averaged Test AUC: 0.5026
File path: ../results/CIFAR10_FedCP_test_0.h5
0.5053025691961057 0.012271487651228574
0.5051994970044456 0.012260358344547754
0.5051538200380329 0.012357108314679057
0.5055885314583205 0.012208586750606541
0.505393083795513 0.012702844907962635
0.5056367971027564 0.012093625786311743
0.5052625216225064 0.012440419599412228
0.5051338040293791 0.012661285190334975
0.5054144333239252 0.012276370186513065
0.5056594211894733 0.012798511538241566
0.5055586136877537 0.01265727656324727
0.5049623900260298 0.012379095583911037
0.505001579459088 0.012156082594454422
0.5053965746998214 0.011937305854804979
0.5052412941287725 0.012104825528199541
0.5052703841804311 0.012414221523383515
0.5055690753567768 0.012340747910999053
0.5054024680016133 0.01221857899884236
0.505127785799022 0.012639263323188226
0.5049385179120761 0.01234553383495349
-------------------------------------------------- 62.87983822822571

-------------Round number: 2-------------

Evaluate before local training
Averaged Test Accurancy: 0.1062
Averaged Test AUC: 0.5122
File path: ../results/CIFAR10_FedCP_test_0.h5
0.5053799915939379 0.012674831869708018
0.5054084863991309 0.012475543076267005
0.5053447666697395 0.012523895674831411
0.505547245988288 0.012120424139038886
0.5057842428198992 0.012382331327076659
0.5055225225619208 0.012642060992459004
0.5053077385466742 0.01214704616400175
0.5051691471844127 0.01237022990720385
0.5053640331786412 0.011939211454103732
0.5052490536099634 0.012422802416159886
0.5056127754138097 0.012652502944379185
0.5053171176606646 0.012379792411652232
0.5055228420294439 0.012177903459703491
0.5054689581291034 0.012496491139813212
0.5047559389648469 0.012165785725552115
0.5049781136525174 0.012289250923926638
0.5055268474567968 0.01206154873733307
0.5050240812393335 0.012136047695726822
0.5052019422038052 0.012592679210469799
0.5058109765063579 0.012161375743475101
-------------------------------------------------- 62.22917127609253

-------------Round number: 3-------------

Evaluate before local training
Averaged Test Accurancy: 0.1135
Averaged Test AUC: 0.5221
File path: ../results/CIFAR10_FedCP_test_0.h5
0.5052133897490996 0.012415549932912846
0.504921091398081 0.01231569510819252
0.5054639336318733 0.012542409290126897
0.5052082824863886 0.012311584855810543
0.5056720599412727 0.012190938063605
0.5048960349154904 0.012578687984437616
0.5052162979562314 0.012627407327687676
0.5052053751423955 0.01225059713016801
0.5053326507958655 0.012431136334474275
0.5054546409310439 0.012452859081274631
0.5056650090532807 0.012522292243380945
0.50513889393411 0.012272234087168578
0.5051089430538317 0.012171466112604242
0.5056753725959704 0.012496280301087325
0.5057886516770873 0.01217113518556809
0.5059990484673434 0.012462355336940928
0.5054111126571511 0.012333293844133973
0.5055380119378433 0.012571844951788293
0.505010595652633 0.012325426893272306
0.5057433158110239 0.012368642322275105
-------------------------------------------------- 61.4795343875885

-------------Round number: 4-------------

Evaluate before local training
Averaged Test Accurancy: 0.1202
Averaged Test AUC: 0.5322
File path: ../results/CIFAR10_FedCP_test_0.h5
0.5051163654201306 0.01240556178456797
0.5055747848983185 0.01234779782281043
0.5056058704279937 0.01228692253378435
0.5048388266840425 0.01235623455094699
0.5057330844947734 0.012425125891682749
0.5055150361976734 0.01251008735247875
0.5051055889160029 0.012308213675674327
0.5056540553028194 0.012144467985442199
0.5053267650162945 0.012036437658790632
0.5054676100516167 0.012429336727330825
0.5055018142462732 0.012189843631375239
0.5055538379133512 0.012581145065059317
0.5056377725283566 0.012445774447268817
0.5051380043180708 0.012268189176848009
0.505311750042706 0.011936503810833856
0.5052426449439832 0.012269909968524674
0.5055315260990307 0.012032759880178321
0.5056261998983339 0.012236477365601378
0.5056083971070812 0.012456005672062852
0.505223417821794 0.01227073342107519
-------------------------------------------------- 62.544142961502075

-------------Round number: 5-------------

Evaluate before local training
Averaged Test Accurancy: 0.1224
Averaged Test AUC: 0.5413
File path: ../results/CIFAR10_FedCP_test_0.h5
0.5054977709928957 0.012265502387415677
0.5055699083619775 0.012386986974905492
0.5058101927025769 0.012432890491681989
0.5052303248443283 0.01207496050290286
0.5055478286857789 0.012134784457878129
0.5053682415865552 0.012163339226288138
0.5057554855746659 0.012186291174785095
0.5054209932732658 0.012172096207668038
0.5052476629901391 0.012255086981206625
0.505553733318662 0.01258297988508762
0.5057133629153936 0.012290485729931517
0.5053692377221427 0.012467694245951375
0.5053323166540418 0.012308608506589507
0.5054621331465359 0.012268500681849178
0.5054638779133951 0.012247395299719278
0.505644682651529 0.012160751024054924
0.5053471358934123 0.012329339580148143
0.5052999635704626 0.012267468583533123
0.5057411319815005 0.01228293300894684
0.5051665379739317 0.012326768163291556
-------------------------------------------------- 60.9718964099884

-------------Round number: 6-------------

Evaluate before local training
Averaged Test Accurancy: 0.1255
Averaged Test AUC: 0.5498
File path: ../results/CIFAR10_FedCP_test_0.h5
0.5054317276777798 0.012478497857623368
0.5059835782202964 0.01240930913872972
0.5052778259134636 0.012150309801748492
0.5057679525159887 0.012019328043152554
0.5054019337209562 0.012366584101505925
0.5053951752324326 0.012201286092455941
0.5051982586247552 0.012309298982908326
0.5053872840407376 0.012110937806279993
0.5056852384661443 0.01223272020291377
0.5055343296904212 0.012540197769417656
0.505801803420465 0.012243917025609605
0.505495536913115 0.012011876878441137
0.5055091648171537 0.01262185942782468
0.5054404186204267 0.012136306670820916
0.5052412108112222 0.012125595095484075
0.5056406230761263 0.01208913122862815
0.5051996276642268 0.012165254249018652
0.505520762066896 0.012053834809648683
0.5056524317807112 0.01261161914498468
0.5051415927397708 0.012446420439452464
-------------------------------------------------- 62.80497765541077

-------------Round number: 7-------------

Evaluate before local training
Averaged Test Accurancy: 0.1257
Averaged Test AUC: 0.5579
File path: ../results/CIFAR10_FedCP_test_0.h5
0.5054449294693768 0.012189659059328886
0.5057929013243043 0.01230779351241759
0.5059137537487244 0.012591544306147815
0.5055734664691907 0.012452492576241724
0.5051875847917146 0.012368927085061574
0.5054237074696292 0.012377605169357013
0.5055512936117176 0.012179959666944958
0.5058082215225276 0.012487761171687442
0.5057267897690718 0.012078409516481472
0.5056888848328247 0.01231792309731414
0.5055445933905549 0.01244867837831539
0.5054259601837168 0.012543737786016473
0.5051515469303689 0.012209084082916507
0.5054334790911525 0.0123857368067998
0.5058408432210294 0.01223429330059205
0.5054542084391682 0.012327707236094982
0.5058446936799508 0.012030801661388183
0.5059126928591957 0.012380588798531118
0.5056383765230958 0.01263146716587038
0.5060401760781996 0.012220940700230437
-------------------------------------------------- 62.68893814086914

-------------Round number: 8-------------

Evaluate before local training
Averaged Test Accurancy: 0.1276
Averaged Test AUC: 0.5650
File path: ../results/CIFAR10_FedCP_test_0.h5
0.5054806459766741 0.01212233324030695
0.5058691796058645 0.012451490681674242
0.5058888500222029 0.012552069535802795
0.5060148602829148 0.01270952900827979
0.5051695241862418 0.012231564706080396
0.5055986916741881 0.012361642091292615
0.5060365987368501 0.012395667975382446
0.5056185061231446 0.012249815485372914
0.50554972516961 0.012328217242388532
0.5047668833882571 0.01195581599564349
0.5055008411335831 0.012381622163218224
0.5055945276593169 0.012356922409584565
0.5056085168169095 0.012537067321437816
0.5058866408175956 0.012327841645748168
0.5054746416922754 0.01229180002627846
0.505716502176932 0.0123542001077926
0.5053125197729585 0.012034441611975954
0.506021526250008 0.012372194862733608
0.505584904066238 0.012308900686358471
0.5058699345502716 0.012624892139982228
-------------------------------------------------- 59.49146056175232

-------------Round number: 9-------------

Evaluate before local training
Averaged Test Accurancy: 0.1327
Averaged Test AUC: 0.5717
File path: ../results/CIFAR10_FedCP_test_0.h5
0.5057809361085099 0.01232089715939448
0.5055845386754626 0.012429788904160563
0.5054524634511043 0.012221208219973436
0.5056349081703677 0.012267385421466626
0.5057092989221789 0.012402705343433027
0.505711045426627 0.012342634045723586
0.5057316317031972 0.012383425054597339
0.5057527459300074 0.012148781933371421
0.5057858596188262 0.01240257202182906
0.5056254311631887 0.011980929043134697
0.5057000001677527 0.012347730553105578
0.5058470846941838 0.012112263059406169
0.5060071422336384 0.012575016788177951
0.5058949013264515 0.012310725465226172
0.5056567368670725 0.012286110083267198
0.5052306949017713 0.012341132537259625
0.5058790531176596 0.012219865999666525
0.5052447580536338 0.012528738774517224
0.5056639930453936 0.01242333501353508
0.5059796178904481 0.012286791460395501
-------------------------------------------------- 61.544615268707275

-------------Round number: 10-------------

Evaluate before local training
Averaged Test Accurancy: 0.1389
Averaged Test AUC: 0.5782
File path: ../results/CIFAR10_FedCP_test_0.h5
0.5054272843453174 0.012319494679065984
0.5056748474255587 0.01243362496843324
0.5052885042670636 0.01210133132763495
0.5057607773740432 0.012290310019436406
0.5054808779476354 0.012042225113443206
0.505774853607783 0.01214658494082469
0.5059131250167505 0.011913623683540035
0.5056052360182198 0.012356992897282785
0.5054547013469824 0.012281823123451932
0.5057652320426244 0.011990003318942882
0.5054550858166738 0.01232298681570628
0.5060714553349103 0.012690606109402938
0.5055578965448627 0.012419505996174352
0.5056719872742318 0.012424495863293878
0.5057408229973263 0.01191914967241719
0.5060049094578349 0.012127749796634807
0.505798633580502 0.01237462017198146
0.5059693709660608 0.012560960931644919
0.5056876217284682 0.012338213208035203
0.5056010623199817 0.012328335707075594
-------------------------------------------------- 61.43804597854614

-------------Round number: 11-------------

Evaluate before local training
Averaged Test Accurancy: 0.1440
Averaged Test AUC: 0.5847
File path: ../results/CIFAR10_FedCP_test_0.h5
0.5060036510873872 0.01241817363049707
0.5063805570109532 0.012194644820778174
0.5058138844055625 0.012103717250899548
0.5058894070894703 0.0121176703393198
0.5058076250581787 0.012415093894883782
0.5057143976625341 0.012665762024339269
0.5058255698770667 0.01214789129199414
0.5059565282068573 0.012472722124086198
0.5056875528146824 0.012583967545697631
0.5052634101900223 0.012221827850138544
0.5061272818786211 0.012402720852380108
0.5055445986083493 0.012107485518083626
0.5057227600556917 0.01269021683521828
0.5062198459881505 0.012391976514537885
0.5057431531972006 0.012473915680400216
0.5056608191762979 0.0125332266098198
0.5059114162905667 0.012206584377627788
0.5057213512543393 0.012084696582240227
0.5060492618940771 0.012395913589657194
0.5060390983230602 0.012569941563472705
-------------------------------------------------- 60.55366778373718

-------------Round number: 12-------------

Evaluate before local training
Averaged Test Accurancy: 0.1483
Averaged Test AUC: 0.5916
File path: ../results/CIFAR10_FedCP_test_0.h5
0.5058125089363832 0.012368663046592406
0.5057780022095693 0.012229454287934689
0.5059553360900818 0.012473919670281624
0.5055824570161732 0.012227929771596292
0.506054603590224 0.012111333946221988
0.5056023197845579 0.012540468447312951
0.5059189018674004 0.012177271922142121
0.5058878074185207 0.012132578586733759
0.5059410830338796 0.0124013984610573
0.5052271290118561 0.012404595899780567
0.5057074643241671 0.01237239898102683
0.5056867704917796 0.01233191944569489
0.5058546470573697 0.012510488461380616
0.5060108410767638 0.012150968489358796
0.5054148076788375 0.012307088210601103
0.5058490401969697 0.01249242802295877
0.5061623952590312 0.01234053942335294
0.5057863879184692 0.012200939799671637
0.5062178515900786 0.012032939396741554
0.5054946278508466 0.012403071849723104
-------------------------------------------------- 61.96527552604675

-------------Round number: 13-------------

Evaluate before local training
Averaged Test Accurancy: 0.1486
Averaged Test AUC: 0.5989
File path: ../results/CIFAR10_FedCP_test_0.h5
0.5060770790665768 0.012097509229707279
0.5055778588120563 0.012245596139223172
0.5064977785238088 0.01209950148438182
0.5057456747580988 0.012256028008790732
0.5062187439881456 0.012487169771973696
0.5056026693648443 0.01233252840069034
0.5057675754161257 0.012454888136873407
0.5059963323008747 0.012322662325415833
0.5062114371058459 0.012199462661972187
0.5064755820816285 0.012383819742723495
0.5055926243702953 0.012319693202333441
0.5057472050140955 0.01239013615444936
0.5057296080108827 0.012266787578938537
0.5057356863674757 0.012150715033947006
0.5055586731085848 0.012265071431019818
0.5057982864359823 0.012278453224660672
0.506020246587025 0.01249015093631238
0.5057928920723498 0.012355427873378974
0.5058122315706733 0.012007732532181256
0.5060251694148741 0.012006903905149056
-------------------------------------------------- 59.9314181804657

-------------Round number: 14-------------

Evaluate before local training
Averaged Test Accurancy: 0.1497
Averaged Test AUC: 0.6065
File path: ../results/CIFAR10_FedCP_test_0.h5
0.5060675276491122 0.012470899810046116
0.5058332008118622 0.01211146808546964
0.5058020125501431 0.012314598168684299
0.5057691461406648 0.012334279034258117
0.50621209331812 0.012235077633537164
0.5058903940714513 0.012360106583646535
0.5059092968750076 0.012284395503871543
0.5061023536090477 0.01244461440884076
0.5059039535311362 0.01242932155311214
0.5059823278509277 0.011885094492731554
0.5059669955731615 0.012044265749767353
0.5060599654172666 0.012089682589960219
0.5060138882284886 0.01259182162540553
0.5056492901550462 0.012421974320571346
0.5062693992916208 0.012291488009264023
0.5057041289475865 0.012718664260274066
0.5060664156499581 0.01221795266833975
0.505491318524276 0.012299496524475425
0.5057455140930147 0.012423779158968636
0.5060597107941774 0.012649005442794953
-------------------------------------------------- 62.0407509803772

-------------Round number: 15-------------

Evaluate before local training
Averaged Test Accurancy: 0.1549
Averaged Test AUC: 0.6148
File path: ../results/CIFAR10_FedCP_test_0.h5
0.5059011641483849 0.01206008973226228
0.5059647403108195 0.012422632779097937
0.5060636802839164 0.012332352531081574
0.5057886946970263 0.012453655656915306
0.505943683286508 0.012407614922759758
0.5059407592679446 0.012174433957457705
0.506290023549436 0.012179653898644253
0.505528272057955 0.012418439358996832
0.5055213950721449 0.012216754877796512
0.5062322235928897 0.012389687459813073
0.5060873981804038 0.012732222015488997
0.5057777422602827 0.012399666472383263
0.506577794256277 0.012385102288487652
0.5066483319283296 0.01240511322034383
0.5059046382084489 0.012224430976431291
0.5057456003943164 0.012483010862277483
0.505919820903681 0.012143940990556764
0.5059959323097689 0.012263921296530863
0.5058832614419934 0.01213628561519584
0.5059336183077999 0.012469027791610575
-------------------------------------------------- 62.08244228363037

-------------Round number: 16-------------

Evaluate before local training
Averaged Test Accurancy: 0.1591
Averaged Test AUC: 0.6236
File path: ../results/CIFAR10_FedCP_test_0.h5
0.5063993473871587 0.012543530590327588
0.5058712540910795 0.012245405446847693
0.5063791629523994 0.012285375954136354
0.5059649432323089 0.012472293555747855
0.5061669552770371 0.012507377211541652
0.5059698233625999 0.012365834079416497
0.5061223868232889 0.012488850921374835
0.5064224840607494 0.012556712775100282
0.5061172658307967 0.01235660214895597
0.5060045620641456 0.012115788329180813
0.5061105837543997 0.012500452165562639
0.5060287515561168 0.012403674538591251
0.5061631845668532 0.012113139890959178
0.5059974071904062 0.012405262424036962
0.5062316940901311 0.01222299148964726
0.5062020764304086 0.01253074513006196
0.5062718959286426 0.011967250512057905
0.5062614909182184 0.012121525378521576
0.5065338276207256 0.012495811726997852
0.5065231768008417 0.012309358325928749
-------------------------------------------------- 60.60099411010742

-------------Round number: 17-------------

Evaluate before local training
Averaged Test Accurancy: 0.1645
Averaged Test AUC: 0.6330
File path: ../results/CIFAR10_FedCP_test_0.h5
0.506207412464152 0.01267519437510102
0.5061503552043667 0.012600196833949842
0.5063604137149492 0.01213216047049583
0.5063863302198931 0.0122734639958092
0.5065988147726808 0.012657368875923003
0.5062004827345029 0.012436098874998774
0.5064667125160878 0.012235920901860894
0.506304564838035 0.012354051295793131
0.5059214758519561 0.012506540252801467
0.5063253899869056 0.012130421778977848
0.5063160718418658 0.012217909305569102
0.5065897457228091 0.012418130449796162
0.506418009969191 0.01198322705329979
0.5060852696065252 0.012421038544178458
0.5064776338732395 0.012405027225111274
0.5064541182170311 0.012160931406286424
0.5067716335447935 0.012481798637505566
0.5061311917140697 0.012800025089620722
0.5064055023189539 0.012153340791386585
0.50650337931553 0.012552745633962649
-------------------------------------------------- 62.43497610092163

-------------Round number: 18-------------

Evaluate before local training
Averaged Test Accurancy: 0.1694
Averaged Test AUC: 0.6421
File path: ../results/CIFAR10_FedCP_test_0.h5
0.5063733335486368 0.012510055130561533
0.5061805811113654 0.012122594247048899
0.5064385895712826 0.01218385484151281
0.5064379625404493 0.012208335907563485
0.5063651241481495 0.012670957491296583
0.5062815979564268 0.012210363136733685
0.5062832187694044 0.012128823491624675
0.5062448848529082 0.012537477330887593
0.506747717395998 0.012489442452101065
0.5060431824113505 0.012411152533529686
0.506134460405566 0.012083088756277813
0.5063712794978458 0.012287528231244137
0.5068530795785288 0.012406080996725672
0.5059455685938398 0.012322523575523252
0.5063471106382517 0.012159617610003578
0.506312073327792 0.012460196071282107
0.5060671494513946 0.012286581011032452
0.5065997998373439 0.012402941053410126
0.5062961543265444 0.012029279388732009
0.5061112909308193 0.01263383230034847
-------------------------------------------------- 62.35555958747864

-------------Round number: 19-------------

Evaluate before local training
Averaged Test Accurancy: 0.1736
Averaged Test AUC: 0.6517
File path: ../results/CIFAR10_FedCP_test_0.h5
0.5062818928793269 0.012213440089388777
0.506605560437609 0.012381003824129998
0.5065228845565938 0.012494965000817006
0.506884439717023 0.012244671760933874
0.5061059665436355 0.012550635910241144
0.5064502991019533 0.012137198876726731
0.5065565052025608 0.012112323814101654
0.5067654462674489 0.012120169584096547
0.5063773315543165 0.01208476658803014
0.5065005965745792 0.012377455071983177
0.5064553156590614 0.012454576028853538
0.5060700514138892 0.012380931721921687
0.5062113082354986 0.01225557330403169
0.5064379992560507 0.012334488061552119
0.5065256917211962 0.011932146536121277
0.5061040815586845 0.012076570468407778
0.5063011416902717 0.012235492040867088
0.5067280271017042 0.01230388467585078
0.5060186105995224 0.012489377189071503
0.5061729032522402 0.012410777255012316
-------------------------------------------------- 60.86871671676636

-------------Round number: 20-------------

Evaluate before local training
Averaged Test Accurancy: 0.1789
Averaged Test AUC: 0.6612
File path: ../results/CIFAR10_FedCP_test_0.h5
0.5066325692698742 0.012511241081569646
0.5063677598626759 0.012331053187686198
0.5061343486946172 0.012668545994410725
0.5061410297400867 0.012055239778703963
0.5066016358203995 0.012749102491979521
0.5059805920896813 0.012444970828086342
0.5070742157680032 0.012013526067192356
0.5064043760037001 0.01231535693866831
0.5064375213911071 0.012664364127299566
0.506634740349956 0.012294707559920128
0.5062145762360439 0.012308411207996105
0.5062869962018269 0.012401981102790779
0.5070512975470569 0.012270084184423396
0.5069397386306753 0.012200393555830857
0.5062919513959634 0.012336693794280843
0.506230189746834 0.012175742168096991
0.5065709973733203 0.012592359161569497
0.5063190960731262 0.012236466986924023
0.5062996300403029 0.012254454231115444
0.5063987245233968 0.01221672896863083
-------------------------------------------------- 61.74956035614014

-------------Round number: 21-------------

Evaluate before local training
Averaged Test Accurancy: 0.1835
Averaged Test AUC: 0.6696
File path: ../results/CIFAR10_FedCP_test_0.h5
0.5067816095498319 0.012395828636166333
0.5063830513360077 0.012428386618229134
0.5066492586539915 0.012330565152409299
0.5067317614522882 0.012254922642531097
0.5067109794748065 0.012514384751174551
0.5064138007612947 0.012279574321640093
0.5065633173370244 0.012351677720287252
0.5064928315972027 0.012321942297557805
0.5064174524293497 0.0121906483831432
0.5069538685731972 0.012255515053383313
0.5068986832570189 0.012478949310867184
0.5064752954894152 0.012600104781450868
0.5062737074943308 0.012529339968852972
0.5069215600975813 0.012382542315436004
0.5062436346585552 0.012217709401457402
0.5066580228650799 0.011953333672728756
0.5068578690481491 0.01220549694045298
0.5058378178969418 0.012260911435590695
0.5066119876260368 0.012108686981738765
0.5066575617768253 0.01246098825939407
-------------------------------------------------- 62.399290800094604

-------------Round number: 22-------------

Evaluate before local training
Averaged Test Accurancy: 0.1894
Averaged Test AUC: 0.6776
File path: ../results/CIFAR10_FedCP_test_0.h5
0.5067080294307417 0.012396981529373735
0.5069498270630646 0.012343140276429408
0.5066861861313765 0.012380424501263589
0.5072750877947189 0.012581079673139655
0.5066340238860759 0.012762551428274467
0.5065991289865894 0.01241018626287541
0.506367144616655 0.012407986535081988
0.5069044954979267 0.012315084674225114
0.5066934665306829 0.012510724263359108
0.5068394566739076 0.012138580469155433
0.5068188635871197 0.012324416246100298
0.5067741403870872 0.012392961115390191
0.5066855646048983 0.012237588047487908
0.5068540511481268 0.01213147124161856
0.5067544277184285 0.01223889129502761
0.5062286774137694 0.012586540198173665
0.506611849515675 0.012517703936554105
0.5065341024564054 0.012288122609112447
0.5070225842750798 0.012221520673361769
0.5065415570249733 0.012287037797275234
-------------------------------------------------- 60.656201124191284

-------------Round number: 23-------------

Evaluate before local training
Averaged Test Accurancy: 0.1973
Averaged Test AUC: 0.6851
File path: ../results/CIFAR10_FedCP_test_0.h5
0.5068923065391107 0.012483696956233232
0.5069578352312629 0.012174590835741943
0.507531688011323 0.012481450173496566
0.5067813427617344 0.012204833378824888
0.5069476704304225 0.012742522739578713
0.5066552793999252 0.01201870024169924
0.506279834259588 0.012231430426257576
0.5062344333586785 0.01215601607299933
0.5068021158099567 0.012523906897378655
0.5070935060174611 0.01257585319488578
0.5067567808243135 0.012292587680611472
0.5069581207174522 0.011995921139650118
0.5067855161614716 0.012422614164658057
0.5067029059864581 0.012246287008513069
0.5066760000414573 0.012450282569189978
0.5068997221712309 0.012012472204094848
0.5063620400256835 0.01206686320555005
0.5067553661494074 0.012296752997509253
0.5068126648115233 0.01244971844637676
0.5068223990107837 0.012299476371921997
-------------------------------------------------- 61.14633870124817

-------------Round number: 24-------------

Evaluate before local training
Averaged Test Accurancy: 0.1997
Averaged Test AUC: 0.6910
File path: ../results/CIFAR10_FedCP_test_0.h5
0.5067950217769697 0.012258947160486445
0.5069928495458474 0.012486486719624846
0.5068080233360984 0.012220318454539976
0.5073421279159493 0.012197026161819273
0.5071444598173624 0.012296902416537392
0.5067560019162602 0.012534436895373133
0.5070955379961584 0.012342097569054267
0.5067300424815562 0.012200071116679211
0.5067485069784408 0.012460525596350221
0.5068214774633256 0.01273735700038662
0.5069038111429948 0.012242381959447667
0.5070815215555903 0.012061428729960431
0.5070075990730211 0.012160040675500167
0.5068231204357476 0.012294474073818824
0.5066976144689282 0.012290165810385903
0.5066878743684635 0.01252257701355672
0.5070472555115628 0.012097478025774202
0.5066746536475153 0.01247611280954555
0.5072379894315814 0.012515691767722244
0.5069217720092871 0.012085144875582264
-------------------------------------------------- 59.444090604782104

-------------Round number: 25-------------

Evaluate before local training
Averaged Test Accurancy: 0.2023
Averaged Test AUC: 0.6945
File path: ../results/CIFAR10_FedCP_test_0.h5
0.5068276085508748 0.011959140290967642
0.5068281869722628 0.011844829882043523
0.5071830345819203 0.011973703342964666
0.5069877062207804 0.012565869943014793
0.5067897328677086 0.012403645626285018
0.50704048285022 0.012601257393791403
0.5072249261160883 0.012202944677668874
0.5069729651396091 0.012658470076546451
0.5070389952056874 0.012328360524621145
0.5071840932176105 0.012810465508731187
0.5073461400124392 0.012415076411560205
0.5074429847777654 0.012314932148731063
0.5070526469498873 0.012114089372938302
0.5066325728242335 0.012284326786842811
0.506895621211674 0.012408053371066676
0.5074877885337441 0.012093274612046699
0.5068192123312896 0.012133821428380456
0.5065875801210029 0.012316885468251448
0.5070595212806112 0.012286361343761643
0.5068948016955684 0.012227027970378173
-------------------------------------------------- 60.92473769187927

-------------Round number: 26-------------

Evaluate before local training
Averaged Test Accurancy: 0.2072
Averaged Test AUC: 0.6986
File path: ../results/CIFAR10_FedCP_test_0.h5
0.5071993561413808 0.012486575227555837
0.5072503310317794 0.012247262007586949
0.506940232613721 0.012099800092746072
0.5074745663680519 0.012636631650242718
0.5071080805471119 0.012137528584302318
0.5070648815554495 0.012137243105399452
0.506985778246369 0.012538894787404201
0.5072204442455982 0.01239106688452394
0.5074740899487947 0.012408980866026886
0.5071506075656567 0.012384670725153488
0.5075007441978997 0.01252293283120647
0.507371861845828 0.012346684747414018
0.5070216626716921 0.011987798289231228
0.507304214215718 0.01239740391372772
0.5075431752974462 0.01236734386877244
0.50728128908055 0.012412504058974793
0.50724903391184 0.012574821761225917
0.5075155975989615 0.012508218183576628
0.5072698184215513 0.012112993027423975
0.50765648105731 0.012384586345682711
-------------------------------------------------- 61.24803805351257

-------------Round number: 27-------------

Evaluate before local training
Averaged Test Accurancy: 0.2097
Averaged Test AUC: 0.7039
File path: ../results/CIFAR10_FedCP_test_0.h5
0.5068714424299124 0.01215322156108456
0.5072860958126302 0.012400610676596941
0.5073493455703824 0.012233856809594516
0.5076516961726623 0.012162554813198232
0.5071195144301806 0.012393136080460412
0.5075038149475287 0.012366195834462856
0.5071243330454215 0.01220850410249265
0.5071667057032195 0.012294315302138656
0.5074003393499132 0.012512694753701793
0.5073378740466739 0.012641602841876372
0.5071202393692846 0.012670950255973425
0.5071201995260229 0.01246066490023466
0.5073636148053293 0.012407731425544419
0.5074642675218025 0.012284307349342112
0.5069456696390915 0.012450944125729542
0.5074802278786114 0.012402388345228534
0.5077378655879352 0.012137025599053226
0.5075182098871431 0.012433367344421483
0.5067050164859546 0.012089982515252564
0.5074201893443481 0.01260342650227625
-------------------------------------------------- 60.58772921562195

-------------Round number: 28-------------

Evaluate before local training
Averaged Test Accurancy: 0.2152
Averaged Test AUC: 0.7095
File path: ../results/CIFAR10_FedCP_test_0.h5
0.5075046516931019 0.01257290356255497
0.5072083983761377 0.01238916975500137
0.5078877452760935 0.01235015992883522
0.5075328012641805 0.012298594171282824
0.5076266858163044 0.01265779760915649
0.5075132885637382 0.012414962121942347
0.5073815532482396 0.012383441059741805
0.5079792505488373 0.01217820303785094
0.5073631272102014 0.012364081558871363
0.5070315418568881 0.012363423364033578
0.5071822644139712 0.01226939828270882
0.5072591641280604 0.012121610710281403
0.5076593356445814 0.012222113452463507
0.5073458617314314 0.012331846586423471
0.5076467239488966 0.012365893192898556
0.5073846669103472 0.01240694812614431
0.5071768885796988 0.012339567000224736
0.5079722464896548 0.012172772065574346
0.5072079179211496 0.012364077010506885
0.507170721729237 0.012282559740491606
-------------------------------------------------- 61.472856760025024

-------------Round number: 29-------------

Evaluate before local training
Averaged Test Accurancy: 0.2173
Averaged Test AUC: 0.7112
File path: ../results/CIFAR10_FedCP_test_0.h5
0.5078363978327849 0.012315414543855159
0.5071761224012917 0.012467923713776743
0.507396903497955 0.012358965181016979
0.5076850580338103 0.012422462776906397
0.5073583613579663 0.012242683333510071
0.5075641949422275 0.012294925351902266
0.5073512263405018 0.012303982000273982
0.507565765004409 0.012343711720989008
0.5078450109546956 0.012628330390715347
0.5072733519646602 0.012562105299300417
0.5077715273707722 0.012239652193870893
0.5075899395405462 0.01213923542195163
0.5073998959329075 0.01230776775647494
0.5076154128242379 0.01235447924759177
0.5071738505196807 0.012569851254955597
0.5074910015727465 0.012434853312631038
0.5075040800668495 0.012354906882923075
0.5071735258500737 0.012438584334277246
0.507530552502244 0.012596782053585023
0.5072076190508118 0.012423504853082915
-------------------------------------------------- 58.69163656234741

-------------Round number: 30-------------

Evaluate before local training
Averaged Test Accurancy: 0.2225
Averaged Test AUC: 0.7151
File path: ../results/CIFAR10_FedCP_test_0.h5
0.5079746021268269 0.012449060305159975
0.5073209920849063 0.012272050679185999
0.5076164395476763 0.012424374717286886
0.5079006364282507 0.01226614112545453
0.507613784657457 0.012367565922438662
0.5074552461431411 0.012347795311340804
0.5078360108801951 0.012450599416706537
0.5075148861879148 0.012241975561225525
0.507275748388985 0.012443112789559879
0.5077469646811295 0.01216381191960317
0.5074263297928832 0.012680352644835054
0.5073443921044086 0.012165184233371736
0.5076506662819731 0.012353342960688204
0.5079295280953183 0.012337517749858213
0.5076549577598388 0.01238041386506605
0.5076886896187296 0.01242364180065553
0.5078604491427541 0.012621565323246627
0.5071297890972346 0.012318860144706657
0.508245841647761 0.012495984107725861
0.5074822781129907 0.012508905181350925
-------------------------------------------------- 60.259408473968506

-------------Round number: 31-------------

Evaluate before local training
Averaged Test Accurancy: 0.2268
Averaged Test AUC: 0.7178
File path: ../results/CIFAR10_FedCP_test_0.h5
0.5076920523260458 0.012228963528646953
0.5075497295086583 0.012357237714322988
0.5077186734905761 0.012380574736862729
0.5078475679366443 0.012523340734420045
0.5071232720694848 0.012015307121093227
0.5069881390388075 0.012324303951041499
0.5076005294417533 0.01255478564501275
0.507610408995205 0.01222615765922977
0.5080001673318053 0.012222317995107593
0.5078114220657601 0.012439411710191887
0.5078224895092157 0.01204632787636607
0.507352887903555 0.012393351754641176
0.5075557485270576 0.012362778956575072
0.5078001633549157 0.01239698539047365
0.5078565125525194 0.012362008824619847
0.5080019623184433 0.012490535184342372
0.5076552900390174 0.012590428059523618
0.5077611776546408 0.01264378699104223
0.507697705585414 0.012316052246846704
0.5074449395880294 0.012658232993073788
-------------------------------------------------- 60.57651090621948

-------------Round number: 32-------------

Evaluate before local training
Averaged Test Accurancy: 0.2311
Averaged Test AUC: 0.7199
File path: ../results/CIFAR10_FedCP_test_0.h5
0.508082599307482 0.01225493384651062
0.5077895301943406 0.012552904369913203
0.5084857733753056 0.012391531705671918
0.5081423950763658 0.012113809745199869
0.5074263438827505 0.012495694341315651
0.5079317283100233 0.012579505299057034
0.508168294130323 0.012431590971854133
0.5079016436655552 0.01246104057345809
0.5077658929766562 0.012156902435721933
0.5078853244256032 0.012945261415208329
0.5077083236179672 0.012406213663997545
0.5080141509687038 0.01238781433404473
0.5075902990423716 0.01229300708077352
0.508070148432102 0.012238362134847724
0.5077139598986086 0.012223524691455833
0.5075021704879442 0.012447078494939439
0.5078733798761207 0.012366713394788178
0.5081467342157012 0.012517407023480158
0.5080564647275758 0.012512329991451148
0.5080093327455987 0.012402835070099419
-------------------------------------------------- 58.97553038597107

-------------Round number: 33-------------

Evaluate before local training
Averaged Test Accurancy: 0.2344
Averaged Test AUC: 0.7227
File path: ../results/CIFAR10_FedCP_test_0.h5
0.5081543013787805 0.012090259282499355
0.5082696567361171 0.012282979136612223
0.5082510034553707 0.012528893380109134
0.5080680547184065 0.012442524868650348
0.5080192981240077 0.012354241602543269
0.5082937419319 0.01225449414625746
0.5079605338187554 0.012247618325759175
0.5080019504500505 0.012583793277211004
0.5079803710015347 0.01259676862220514
0.5078165428100252 0.012389184793880294
0.5085028434912555 0.01215291502803634
0.507876148686195 0.012393520961563802
0.5078928347629232 0.01223826624471016
0.5076904956030807 0.012182619559077524
0.5075448499634289 0.012448814593259307
0.5077579248792086 0.01214634525345671
0.5077137607027238 0.012303159454045726
0.5080900589543346 0.012387669036569795
0.5085348093476242 0.012452661096927223
0.5078145758224986 0.012632083050867696
-------------------------------------------------- 60.92467761039734

-------------Round number: 34-------------

Evaluate before local training
Averaged Test Accurancy: 0.2378
Averaged Test AUC: 0.7249
File path: ../results/CIFAR10_FedCP_test_0.h5
0.50800583202784 0.012314719612335673
0.5082200376961666 0.012414488411205014
0.5082448229002647 0.012426039323059862
0.5084202018762497 0.012388840102009269
0.5083838589366918 0.012709102501365968
0.508638587517616 0.012229938789698738
0.5078470899054829 0.012183954422823618
0.5083509187067026 0.012528338820490304
0.5076952148945286 0.012365245601681315
0.5081411996522011 0.012265719589024913
0.5085615722868496 0.012518383906069507
0.507693266388602 0.012227289123095885
0.5077467434203777 0.012233674989023897
0.5082605610816524 0.012326262122845823
0.5084947425967608 0.012467464060627575
0.5082831479704533 0.012187722853129945
0.507974169539431 0.01260849605808129
0.5084074560773412 0.012609678141914805
0.5080355821081843 0.012544993416605085
0.5079959693054358 0.01224420248527234
-------------------------------------------------- 59.8611204624176

-------------Round number: 35-------------

Evaluate before local training
Averaged Test Accurancy: 0.2417
Averaged Test AUC: 0.7266
File path: ../results/CIFAR10_FedCP_test_0.h5
0.5085523666527408 0.012417845155183955
0.5081871478989917 0.012264343624428516
0.5085623567850378 0.012512364431310556
0.5084243087002482 0.012107112435265785
0.5089760442527059 0.012631538419602512
0.5082569633706067 0.012313655317295788
0.5083406712286748 0.012457118771250789
0.5083183867758826 0.012124113046218628
0.5079733943089079 0.012571743175424175
0.5085595285472198 0.012572782177883012
0.508073400073231 0.012383919182651474
0.508280304113501 0.012169929234017097
0.508474032382648 0.012342399123324608
0.5087042680304301 0.012493701329008452
0.5083320164479889 0.012458837098275562
0.5081353962349777 0.012181939205030523
0.508539641646143 0.012689669670469554
0.5083804981520351 0.012440450876092612
0.5088605059740635 0.011951782417548504
0.5083944869036667 0.01245135684980192
-------------------------------------------------- 60.21501708030701

-------------Round number: 36-------------

Evaluate before local training
Averaged Test Accurancy: 0.2430
Averaged Test AUC: 0.7304
File path: ../results/CIFAR10_FedCP_test_0.h5
0.5082337690803868 0.01262710962481801
0.5081486261425245 0.012604949014244455
0.508552278097915 0.012584027988250052
0.5081303535530773 0.01217327657490313
0.5081993142191908 0.01229453612393753
0.5086897131031713 0.01236919747961732
0.5084945305716246 0.01266378168627232
0.5081634092463279 0.012410878755294645
0.5079746812414856 0.012634520578936409
0.5082131606789354 0.012487092140471015
0.5083716333103485 0.012727920083493818
0.5084016286791899 0.01260947668408874
0.5084289656593822 0.012320254967163397
0.5084387512089541 0.012279687730080889
0.5079254852607846 0.012391315323277436
0.5086260307102631 0.012433338382096586
0.5079510906615701 0.012225758599512184
0.5079596443579365 0.01252322716121687
0.5083847182014813 0.012479600475569992
0.5085432127786752 0.012324795911603542
-------------------------------------------------- 60.89713144302368

-------------Round number: 37-------------

Evaluate before local training
Averaged Test Accurancy: 0.2467
Averaged Test AUC: 0.7328
File path: ../results/CIFAR10_FedCP_test_0.h5
0.5084239132582951 0.012202820467596387
0.5084488157732173 0.012370607626739989
0.5083393726841008 0.012293864698222589
0.5082268134298685 0.012427945805927302
0.5081062906732162 0.012460067411975511
0.5085521137807518 0.012582759117463593
0.5081537003923011 0.012434245863194913
0.5089711177950869 0.012599580279824016
0.5085588402878971 0.012413785091441197
0.5086585718493623 0.012014419338816055
0.5083769946478498 0.012246571078708942
0.5089755797257217 0.01215468290806159
0.5085295019910122 0.012274945419643836
0.5082896048418031 0.012588142632888415
0.5084223307024401 0.012399475768827923
0.5084317533824688 0.012284276548982452
0.5086708061086634 0.01214279038813922
0.5087215001694858 0.012292746527195962
0.5081529317938379 0.012445114179981615
0.5084092759598906 0.012358203767853933
-------------------------------------------------- 59.679195165634155

-------------Round number: 38-------------

Evaluate before local training
Averaged Test Accurancy: 0.2483
Averaged Test AUC: 0.7348
File path: ../results/CIFAR10_FedCP_test_0.h5
0.5084140752442181 0.012197062112264411
0.5082281712246569 0.012221116111295007
0.5086366382952875 0.012614372973338473
0.5085360925326026 0.012397107867822199
0.5082524967355988 0.012230144330618304
0.5085923417519109 0.012657966565859933
0.5085588069155048 0.012140380281625772
0.5084525979320077 0.012525293463564867
0.5085286188584107 0.012528816100216394
0.5083813179427614 0.012382589405748313
0.5088304065836545 0.012686386055179846
0.5087481353861781 0.012426623174511344
0.5082477191104912 0.012348996989192713
0.5087019536080525 0.012515198671358023
0.5089911816474528 0.012027790562301226
0.5086048920758259 0.012230411777674997
0.5086175782176164 0.011965057349640906
0.5085966600678288 0.011935550362602087
0.5087968485773002 0.012589609207974315
0.5085893097596291 0.012691689002766512
-------------------------------------------------- 60.59198832511902

-------------Round number: 39-------------

Evaluate before local training
Averaged Test Accurancy: 0.2523
Averaged Test AUC: 0.7374
File path: ../results/CIFAR10_FedCP_test_0.h5
0.5089531872922984 0.012394225114108105
0.5086497060285929 0.01261532747085795
0.5085067517147996 0.012298247827017795
0.5087884344662038 0.01260939805963346
0.5086989617691591 0.012552493377077168
0.508410631511838 0.012410477622614536
0.5082650513902894 0.012473846361463094
0.5087188388417033 0.01238947466112788
0.5083212124971817 0.012342935398462481
0.5086706863642719 0.012346105270872633
0.5086518296310188 0.012536239631140176
0.5091574347625749 0.012103143510647209
0.5085352811341485 0.012258563929699519
0.5087900634210271 0.012357084810620441
0.5083683787200314 0.012690128464093302
0.5088243710955507 0.01256515792467815
0.5088885540668017 0.012539219448964647
0.5086610802711967 0.012604196981278468
0.5084385908423708 0.012510096831721149
0.5089283720231973 0.012387605720252994
-------------------------------------------------- 60.42488956451416

-------------Round number: 40-------------

Evaluate before local training
Averaged Test Accurancy: 0.2558
Averaged Test AUC: 0.7396
File path: ../results/CIFAR10_FedCP_test_0.h5
0.5087534368085938 0.01269337473087892
0.508634038931249 0.012415112178191856
0.5088277588932751 0.012522324935989527
0.5090677531268926 0.012734988027642032
0.5092145385793768 0.012547377059097387
0.5085746822520517 0.012369896533509893
0.5088801028231453 0.01198485808445619
0.5091028831994686 0.012231748688912818
0.5085929434579344 0.01233053829371727
0.5088672601641753 0.012558905862247352
0.5087552623799405 0.012415984369796532
0.5086516998350047 0.012113856901815215
0.5089613075343598 0.012306510549544002
0.5088812252148412 0.012724516495698186
0.5085853716407559 0.012503155623502031
0.5092541954647272 0.012386227198241524
0.5090604070574045 0.012419992070340242
0.5080459686951377 0.012365686036004023
0.5085069472686603 0.01256054527325748
0.5091205367597899 0.012036741933081076
-------------------------------------------------- 59.852198362350464

-------------Round number: 41-------------

Evaluate before local training
Averaged Test Accurancy: 0.2590
Averaged Test AUC: 0.7402
File path: ../results/CIFAR10_FedCP_test_0.h5
0.5089357607679343 0.012252449189578988
0.5088837358217018 0.012746446017482618
0.5088896439171945 0.012505809554619265
0.5088208293398986 0.01227724446235554
0.5084949859346335 0.01276903389254042
0.5090397629671946 0.012727938958879997
0.5088974936179033 0.01259763239300574
0.5088417683250438 0.01225415243255646
0.5090666524943357 0.012364853211409113
0.5088534124906322 0.012347947755187503
0.5089835454948629 0.0125117650687174
0.5083048996061851 0.012481863999500168
0.5095091251513133 0.012658096065754992
0.5088230121331528 0.012353880803080893
0.5093403140035195 0.012540431880014927
0.5089842258976438 0.012570528206142614
0.508909749893997 0.012287759390533285
0.5087201533098824 0.012659241789384277
0.508809555579271 0.012305080354018975
0.5088048548055574 0.012231985639703234
-------------------------------------------------- 61.71120548248291

-------------Round number: 42-------------

Evaluate before local training
Averaged Test Accurancy: 0.2631
Averaged Test AUC: 0.7428
File path: ../results/CIFAR10_FedCP_test_0.h5
0.5083158444858303 0.012518097224094067
0.5084902619771463 0.012493864406511302
0.5091605035301584 0.012159047154264531
0.5093213697083485 0.012411467613872854
0.5093816595740224 0.01251444257061997
0.5093306769401982 0.012655829591604589
0.5093217715262793 0.01199407787629822
0.5092644537202059 0.012299417972354352
0.5092299171866705 0.012615545781429902
0.5091681475383475 0.012722923631612057
0.5093287185837443 0.012298359441511034
0.5088805259468082 0.01248637006951991
0.5091541701187499 0.012376637417894187
0.5092458330879086 0.012319919948713686
0.5090360825356001 0.012229089555155706
0.5092688352585986 0.012454806358546816
0.5092334144462186 0.012358061554607837
0.5090225728061528 0.01242781218745061
0.5090336629834312 0.01244346424065568
0.5090121494438977 0.012410695147449967
-------------------------------------------------- 61.914963722229004

-------------Round number: 43-------------

Evaluate before local training
Averaged Test Accurancy: 0.2683
Averaged Test AUC: 0.7451
File path: ../results/CIFAR10_FedCP_test_0.h5
0.5093511460969845 0.01242544981987234
0.5097017589096839 0.01225979892814363
0.5092016619343597 0.01249833622757959
0.5089472884704408 0.012292574545349589
0.5088212164363971 0.012528741446339154
0.5091776378237858 0.01250260768640676
0.5087327569699249 0.012532613055786837
0.5095158736460293 0.012191035481503923
0.5093204815489932 0.012313947413385085
0.5091551494044371 0.012266167116097317
0.5094898262943485 0.012519421566796703
0.5091220823753821 0.0126456299576399
0.5090841364336053 0.012564098304439594
0.508954787089561 0.01234489571701895
0.50880093816429 0.011887429595316551
0.5091465768428185 0.012353284515773591
0.509144581734943 0.012425411679619327
0.50914679800805 0.012588776941388132
0.5089976619809675 0.012093150626773113
0.5090506464983218 0.012616632639865656
-------------------------------------------------- 61.76595187187195

-------------Round number: 44-------------

Evaluate before local training
Averaged Test Accurancy: 0.2719
Averaged Test AUC: 0.7471
File path: ../results/CIFAR10_FedCP_test_0.h5
0.508655902329146 0.012432752024760163
0.5095705658627244 0.012327473384761025
0.5095514497027184 0.012094302223526018
0.5091746412337017 0.012468477557108986
0.5093329734861468 0.012520314975536883
0.5095090794448669 0.01221869658926286
0.5093381869821594 0.012735165875153092
0.5091694131567094 0.012369050588189004
0.5091836105745572 0.012571828942944055
0.5093463366278089 0.012489874698525692
0.509447521995753 0.012422132901899054
0.5096387428780779 0.012358788183093878
0.5090689312618895 0.012572136272702013
0.5090265860303472 0.012253064072533367
0.5094393061545606 0.01224773317145757
0.5098249640952992 0.01236977238421195
0.50948543407214 0.0124380470526942
0.5090622753740695 0.012498020641515983
0.5090971528433073 0.012332953433588556
0.5096114844843549 0.012318337367482547
-------------------------------------------------- 61.18427801132202

-------------Round number: 45-------------

Evaluate before local training
Averaged Test Accurancy: 0.2775
Averaged Test AUC: 0.7510
File path: ../results/CIFAR10_FedCP_test_0.h5
0.5092911281360265 0.012499422397189184
0.5091902453476858 0.01233501176182599
0.509257455332539 0.012158520047470912
0.5089267351282522 0.012517871853601833
0.5093749000046116 0.012156534958683282
0.5090270402172629 0.01242200906103876
0.5093096640010021 0.012710049915127952
0.5097963996966811 0.012641256859604285
0.5095155029438245 0.01250310441637778
0.5094525944919158 0.012306132653278465
0.5090908301182282 0.012165604457432429
0.509266961628619 0.012105033211376553
0.5090592518830911 0.01269229141531803
0.5092108435438651 0.012391372285763567
0.5095734711951361 0.012552470434788202
0.5088991786010171 0.012372395989144953
0.509655753735644 0.012127996850673908
0.5091553681219617 0.012434311705488364
0.5096140360005964 0.012318219948420667
0.5095990215165492 0.012623537029536478
-------------------------------------------------- 61.56572771072388

-------------Round number: 46-------------

Evaluate before local training
Averaged Test Accurancy: 0.2807
Averaged Test AUC: 0.7525
File path: ../results/CIFAR10_FedCP_test_0.h5
0.509517411039652 0.01229316536881192
0.5100039739806491 0.012382139729061955
0.5097217204956672 0.012520035230107383
0.5095123764201018 0.012570507773468841
0.5096974711483105 0.012298544630755697
0.5092771619988176 0.012599441471414636
0.5093383046153647 0.012330649417576807
0.509570014054099 0.01275813369781269
0.5095735773762786 0.012589641108722467
0.509818122149087 0.012019533298472534
0.5096965435152061 0.012542676746047757
0.5092231133140814 0.012121063541661885
0.5097964663679401 0.012307819873808728
0.5093696906819547 0.01239898455650331
0.5097011519032285 0.01259908692741112
0.5093003280627995 0.012138471071427112
0.5092201558037255 0.012292882330511252
0.509641057644517 0.012613947252670302
0.509142220306855 0.012125485100909963
0.5094945601975689 0.012545751747231564
-------------------------------------------------- 61.28864502906799

-------------Round number: 47-------------

Evaluate before local training
Averaged Test Accurancy: 0.2844
Averaged Test AUC: 0.7554
File path: ../results/CIFAR10_FedCP_test_0.h5
0.5099738924405895 0.012347906460459848
0.5093953621287185 0.012467373609900873
0.5094685429372848 0.012392334849943672
0.5093597229092549 0.012592565444508727
0.5099006998949708 0.012312043719531974
0.5093302222637411 0.012667403481818234
0.5094269811868285 0.012258659008562394
0.5098344756361957 0.01234214067340847
0.5090989228218603 0.012488452476640398
0.5096205138625243 0.012625956262610772
0.5097480703694507 0.012419924822868519
0.5100619250741334 0.012329752950660517
0.5090787471749653 0.012279913440499357
0.5094201752486137 0.012370453294669712
0.5095796505552962 0.012482341813371062
0.5091351852629726 0.012612128842214531
0.5090380440294546 0.012291834201845564
0.5095957264451212 0.012634622547248493
0.5092020753746558 0.012524319581112414
0.5092318900502645 0.012456982442954992
-------------------------------------------------- 59.69240045547485

-------------Round number: 48-------------

Evaluate before local training
Averaged Test Accurancy: 0.2878
Averaged Test AUC: 0.7582
File path: ../results/CIFAR10_FedCP_test_0.h5
0.5090211996784768 0.012212874143130421
0.5095982575096573 0.012628991240108689
0.5099838238973649 0.012079407598628985
0.509420727024247 0.012603498366718232
0.5095178172565423 0.01242859935569703
0.5097733969236479 0.01245527517178624
0.5099046047872458 0.012466923538418807
0.5100089530460536 0.012330509776147108
0.5096096646948121 0.012178724299661362
0.5097326268919576 0.012322760105313132
0.509512893927212 0.01236242279294992
0.5096889978203063 0.012115403239048299
0.5095794311798129 0.01254378703350828
0.5095321228488897 0.012200523610390191
0.5096958715615696 0.012638637379367473
0.509935646246259 0.012459929238468148
0.5096570978251597 0.012285764093812471
0.5092958673271105 0.012474147640322023
0.5099084137532955 0.012305888138949396
0.5095418048306153 0.012479053939587554
-------------------------------------------------- 62.00913906097412

-------------Round number: 49-------------

Evaluate before local training
Averaged Test Accurancy: 0.2910
Averaged Test AUC: 0.7606
File path: ../results/CIFAR10_FedCP_test_0.h5
0.5097425996546486 0.012395127598399622
0.5099830082020699 0.012482384545656233
0.5096328170874562 0.012403746831476232
0.5095368758775294 0.012394616456404531
0.5094507032384475 0.012452154424680993
0.5096514673511449 0.01261583840322289
0.5097694294646573 0.012658654840298775
0.5102677028148602 0.012579519229907965
0.5091758417333231 0.012343795584696487
0.5097618861577641 0.012181364575039197
0.5094977138858092 0.012319470824639443
0.5092351122538706 0.01284305848888489
0.5096389086534961 0.012440419832864197
0.5098159565972403 0.012689834215967656
0.5100394311862496 0.012296523256010156
0.5097472748169914 0.012352305017517476
0.5098484948349113 0.012421570860517409
0.5096468245729995 0.01238773999848737
0.5100182851609321 0.012369705779740964
0.509728467103858 0.01258943308606506
-------------------------------------------------- 61.356245040893555

-------------Round number: 50-------------

Evaluate before local training
Averaged Test Accurancy: 0.2944
Averaged Test AUC: 0.7628
File path: ../results/CIFAR10_FedCP_test_0.h5
0.5097287089416855 0.01241175409352192
0.5097945283692425 0.01230721994453195
0.5097524624747726 0.012559334802264704
0.5096577371740224 0.012481935585961178
0.5100435853028336 0.012315101842670394
0.509874522435264 0.012252041779334305
0.5101101308081968 0.012508892338423332
0.5101025736389252 0.012333903379867863
0.5100763466280813 0.012559001973545729
0.5092815075977108 0.012719287605443214
0.5096470798659873 0.01246790388578428
0.5098636559284243 0.012629280113178343
0.510251216041163 0.012186837934913505
0.5097781395396361 0.012424365151660462
0.5098552573949863 0.012524549566763932
0.5100129700671786 0.012769092068148946
0.5093304277875293 0.012603927177561976
0.5094375490593032 0.012554167279532109
0.5098911223288339 0.01251830867284327
0.5095898515642866 0.012779079136742947
-------------------------------------------------- 59.741201639175415

-------------Round number: 51-------------

Evaluate before local training
Averaged Test Accurancy: 0.2987
Averaged Test AUC: 0.7649
File path: ../results/CIFAR10_FedCP_test_0.h5
0.5095563609248552 0.012413815987445806
0.5101104635888567 0.01233796504378364
0.5099234238195305 0.012577948086536355
0.5094303685861329 0.012337776992761113
0.5099431334469372 0.012465937196823065
0.5094016285326618 0.012163932487197077
0.510128367250451 0.01225952724429697
0.5100877610231308 0.012302404745305954
0.5099207689651312 0.01215990745070772
0.5099372954818567 0.012254930530597138
0.5096897464245558 0.012645951820938762
0.509921876689125 0.012349630378574974
0.509951319925389 0.01227693179508846
0.5096047102855757 0.012323723194816446
0.5103694627968929 0.012536777723190583
0.5101275558774478 0.01245047717962183
0.509863929118579 0.012518973600256196
0.5102850226685405 0.012475898226783504
0.5098900077129273 0.012642071213555954
0.5098939118548654 0.0124100928911839
-------------------------------------------------- 61.231072425842285

-------------Round number: 52-------------

Evaluate before local training
Averaged Test Accurancy: 0.3029
Averaged Test AUC: 0.7670
File path: ../results/CIFAR10_FedCP_test_0.h5
0.5101194402967126 0.01259245699405602
0.510349482166557 0.012284194659325351
0.5097559221015361 0.012615820757466405
0.5100786448333805 0.012208058413142132
0.5096596024500636 0.012682249184163968
0.5105994995683432 0.012630432437190286
0.5099618481710936 0.012690390571519496
0.5097972730365701 0.012429709074666177
0.510162992701412 0.012852775424541087
0.5099390934412487 0.012289223928093087
0.5099262129396009 0.012458935216691617
0.5097008689593238 0.012422248434219497
0.5101168861206716 0.01222120218916264
0.5102105551203223 0.012350004298200438
0.5100413155980791 0.012387256312858655
0.5099473039571865 0.012473798107782224
0.5099693056888496 0.01244962145489373
0.5097921166667029 0.012663351489764028
0.5099976970336567 0.012510437373591574
0.5099942373528489 0.012303274219707158
-------------------------------------------------- 61.00779962539673

-------------Round number: 53-------------

Evaluate before local training
Averaged Test Accurancy: 0.3080
Averaged Test AUC: 0.7692
File path: ../results/CIFAR10_FedCP_test_0.h5
0.5099607985466719 0.012321828292858036
0.5101600595726035 0.012471381477191443
0.510352271835869 0.012393299237883938
0.5093327601513776 0.012832316338585401
0.5099277864449109 0.012373273460227546
0.5096923699112315 0.012574870505684618
0.5098048279611155 0.012321075745973147
0.5097939002279861 0.012316116609156031
0.5097354230088874 0.01279869999037758
0.5097775622748603 0.012656021535427752
0.5101030569953414 0.012373232027266716
0.509940401579325 0.012486036717761812
0.5100340748635622 0.012478707772789272
0.5101393616488693 0.012826623646759974
0.509956074253607 0.012115749160320143
0.509825987717471 0.01262720248160858
0.5099812394473702 0.01220638143452146
0.5101812006666874 0.012123002206038484
0.5102014248020564 0.01239196941847199
0.5103164015051264 0.012361915863752232
-------------------------------------------------- 59.75589919090271

-------------Round number: 54-------------

Evaluate before local training
Averaged Test Accurancy: 0.3097
Averaged Test AUC: 0.7712
File path: ../results/CIFAR10_FedCP_test_0.h5
0.5102327730212557 0.012373421084162672
0.510193308063138 0.012586731067553964
0.5100531912623689 0.012519321739223929
0.5101459504773792 0.012443649235687774
0.5097347439732403 0.012445633179448586
0.5106156931067698 0.01254316325439672
0.5102341548956343 0.012607513128359967
0.510551871970678 0.0125680466632003
0.5104607478834879 0.0124986297426049
0.5103731763262588 0.012518436430737818
0.5103392408898052 0.0126742529738668
0.5104580646715103 0.012643917434896665
0.5102633369179108 0.012364478484866619
0.5105592557348502 0.012617438175240447
0.5103666374627023 0.012281785856943126
0.5104904723427209 0.01259695164733347
0.5105039656750465 0.012374007826379305
0.5104199524562901 0.01244237888570878
0.5106255936746796 0.012225772475515517
0.5100970167117432 0.012756177981238364
-------------------------------------------------- 60.2571222782135

-------------Round number: 55-------------

Evaluate before local training
Averaged Test Accurancy: 0.3132
Averaged Test AUC: 0.7734
File path: ../results/CIFAR10_FedCP_test_0.h5
0.5108310057996557 0.0123244550352567
0.5098284900140686 0.012559698243611826
0.5105671100557233 0.012091509014994018
0.510271481961306 0.012838737266872312
0.5101436752085693 0.01243826549038519
0.5101347647141665 0.012673968858299217
0.509865079087038 0.012296308009898699
0.5101296579048625 0.012748220758655476
0.5105028959731452 0.012220389407971386
0.5101914424449205 0.011949944073074287
0.5098541634353367 0.012578571678204928
0.5104188504987038 0.012769458149486122
0.5103478687695968 0.012385849713494459
0.510656673186578 0.012496048742496664
0.5104044345804514 0.012324430553077007
0.510303798227165 0.012356591127278287
0.5103143296825389 0.012525432365914338
0.5098656670859035 0.012430055256037386
0.5101832493136709 0.012401040063983033
0.5099594811908901 0.012556869331139637
-------------------------------------------------- 58.8969087600708

-------------Round number: 56-------------

Evaluate before local training
Averaged Test Accurancy: 0.3155
Averaged Test AUC: 0.7760
File path: ../results/CIFAR10_FedCP_test_0.h5
0.5107953066292864 0.012440028213107066
0.5106154817443055 0.012410486971286716
0.5105414347221645 0.01223585833461325
0.5109361023880924 0.012384865207182454
0.5109394599492543 0.012299787427210601
0.5102385835578809 0.012618872438444619
0.5105288632166309 0.012484708194045995
0.5102988281048452 0.012519132989068562
0.5104242737870663 0.012247030532473505
0.5104955426321771 0.012289896024004696
0.510137844156768 0.01233558441612504
0.5100443772374629 0.012337897483278426
0.5103807891838443 0.012387855314786027
0.5099764142406026 0.012515828309087892
0.5104006442169731 0.012412796203137932
0.5102388940776061 0.012407033398589054
0.5100959833025148 0.012264214644146459
0.5098940260135211 0.012533663356354897
0.5102598340584873 0.012476430040025707
0.5101607696463665 0.012369528968074047
-------------------------------------------------- 60.89118194580078

-------------Round number: 57-------------

Evaluate before local training
Averaged Test Accurancy: 0.3182
Averaged Test AUC: 0.7779
File path: ../results/CIFAR10_FedCP_test_0.h5
0.5105327385692642 0.012237988045105218
0.5104694484303204 0.012108645632912715
0.510620150500192 0.012164335779343161
0.5105189190760843 0.012644272226706756
0.5106716088544673 0.01230703660929009
0.5099300713964591 0.012145131450003096
0.5105573288042491 0.012226910931948626
0.5112270812790555 0.012165098659417693
0.5106572118969873 0.012470163245175537
0.5107444204316524 0.012472179440107787
0.5100893786368079 0.012231434596362984
0.5105847382607559 0.012316355992529554
0.5105392729433683 0.012612925425681949
0.5104561693345507 0.012486829678378997
0.5103561261859841 0.012318890576295823
0.5110176660430928 0.012420297158156252
0.5104275377920996 0.01192592547064502
0.5101487437525812 0.012533338632836571
0.5103457802539005 0.012596250517672969
0.5098145219783944 0.012103042536659711
-------------------------------------------------- 61.10125207901001

-------------Round number: 58-------------

Evaluate before local training
Averaged Test Accurancy: 0.3208
Averaged Test AUC: 0.7802
File path: ../results/CIFAR10_FedCP_test_0.h5
0.5103201086823947 0.012165220302356412
0.5105459343713636 0.01262452814782036
0.5105208415561953 0.012627034566953941
0.510441393388483 0.01233256418019807
0.5104155038268521 0.012225866904702874
0.510466286888052 0.012188523838665357
0.5105298046285335 0.01243704238929556
0.5103974395240538 0.012244998886237124
0.5109987712035385 0.012451622568146385
0.5106800278575209 0.012442607568678002
0.510459065485077 0.012661754134081714
0.5115137584507465 0.012402931863182347
0.5107025545531589 0.012354099778911342
0.510577704757452 0.012633826336031875
0.5103414193481991 0.012402545632988635
0.5106490230999696 0.012482909432504446
0.5103469079017247 0.0126569742309144
0.5106277833573329 0.012560307921907416
0.5108896537612264 0.012306486664310449
0.5101794281687874 0.012637900075255842
-------------------------------------------------- 59.62724280357361

-------------Round number: 59-------------

Evaluate before local training
Averaged Test Accurancy: 0.3235
Averaged Test AUC: 0.7819
File path: ../results/CIFAR10_FedCP_test_0.h5
0.5107468126867062 0.012313433014315714
0.5105056969377284 0.012545473380508865
0.5108126803086355 0.012109037049034705
0.5107128162206592 0.012477977842811107
0.5105280184592956 0.012588750336773374
0.5105369846838025 0.012607924359297269
0.5103267802952383 0.012645746345305962
0.5104690821424714 0.012187062924001558
0.5110179746213058 0.012447858305409707
0.510519263549493 0.01242413167680305
0.5107324761338532 0.012660445345435978
0.5105294811808946 0.012355851489976852
0.5106813797297386 0.012634071761580478
0.5105369316103557 0.012516275868230087
0.5109212985620476 0.012209893938896956
0.5108615916628295 0.01249226063654183
0.5108570462474838 0.012353012174868594
0.5102805601628987 0.012506759054996179
0.5107135100958821 0.012488179483047665
0.5110651674704292 0.012135726271090889
-------------------------------------------------- 61.55106806755066

-------------Round number: 60-------------

Evaluate before local training
Averaged Test Accurancy: 0.3260
Averaged Test AUC: 0.7840
File path: ../results/CIFAR10_FedCP_test_0.h5
0.5107216338725075 0.012539560838046838
0.5106097795308019 0.012616495243436953
0.5108321819287271 0.01246731787302291
0.5109005358834298 0.012399929736017563
0.5106636625346973 0.012501883363321652
0.5106889015803926 0.01270562405838174
0.510913217273087 0.012325811808879903
0.5111716790247316 0.012547403435161633
0.5105017583865004 0.012299555954108038
0.5107175629371061 0.01247037877790992
0.5109236552499425 0.012316908178811538
0.5110540762424278 0.012556923712458545
0.510922422632575 0.012478748054655908
0.5107618478788553 0.01256210952189615
0.510633036840516 0.012311750159371778
0.5108595118404199 0.012195489403234552
0.5105170053797529 0.012400597975484104
0.5102878451251831 0.012602176516008274
0.5108547855932744 0.012555310655810514
0.5109628641571945 0.012772427523957332
-------------------------------------------------- 60.95440912246704

-------------Round number: 61-------------

Evaluate before local training
Averaged Test Accurancy: 0.3291
Averaged Test AUC: 0.7855
File path: ../results/CIFAR10_FedCP_test_0.h5
0.5110952944781345 0.012636146311702574
0.5111798360012472 0.012723879539063116
0.5112851811205282 0.012765461844030403
0.5108320059326406 0.012578457082770505
0.5110700164014139 0.01202362480914163
0.5107333744661167 0.012403024871615377
0.5105398942191058 0.01237043251820896
0.5110629646656796 0.012360208157047836
0.5108327176541281 0.012146420923206877
0.5114489286819375 0.012116949667673009
0.5109618822566401 0.012708185782161303
0.5108181521392021 0.012219923307948879
0.5114840623468925 0.012315982677407501
0.5108553602262155 0.012320676573089396
0.5114008485315702 0.012492210404053659
0.5108370123994782 0.012636888842989804
0.5107653552714067 0.01253443803940933
0.5107206622711741 0.012158980815748285
0.5107741940599413 0.012388498350388532
0.511024370455207 0.012549541772309493
-------------------------------------------------- 59.454566955566406

-------------Round number: 62-------------

Evaluate before local training
Averaged Test Accurancy: 0.3307
Averaged Test AUC: 0.7871
File path: ../results/CIFAR10_FedCP_test_0.h5
0.5111244938527353 0.012455051594972313
0.511341449804604 0.012135480550312883
0.5115147116235815 0.01251712110258743
0.5111337034031749 0.012445451854884597
0.5106839815301722 0.012461814714117694
0.5113792797693839 0.012446614319945221
0.510808904738858 0.01245218358025948
0.5112268449619222 0.012481258411820136
0.5112296202196143 0.012554562452025518
0.5111720955405289 0.012078086932306175
0.5109934233224545 0.01267170162400176
0.5105327298649802 0.012459915034805664
0.5115215625876609 0.012635685487936699
0.5110597210372553 0.012278012110988053
0.5109262603800744 0.012217613516408998
0.5109847065849373 0.012320800794859246
0.5112814180051478 0.012393167683269115
0.5112913350059994 0.01239177870764322
0.5108627038888442 0.012375011644211963
0.5104303228374767 0.012400803794418862
-------------------------------------------------- 60.88953948020935

-------------Round number: 63-------------

Evaluate before local training
Averaged Test Accurancy: 0.3308
Averaged Test AUC: 0.7892
File path: ../results/CIFAR10_FedCP_test_0.h5
0.5109310616046573 0.012554756601819586
0.5106127691240265 0.012669491167168976
0.5109925837232134 0.012699663011914978
0.5111687449642863 0.012492101085407277
0.5111976344353304 0.012679278921791317
0.510604128743963 0.012573405225440376
0.5109626419205022 0.012283982234341075
0.5113613175777479 0.012420983222833054
0.5105848685981562 0.012325798177445203
0.5103954295985974 0.012531376672207935
0.5108639650309507 0.012134679573804995
0.5113545290122812 0.012482497318705514
0.5111497750696845 0.012010010138677408
0.5111790319952445 0.012391173244147567
0.5106402568666166 0.012416553302914465
0.5114315145720656 0.012818239966710273
0.5110507472418249 0.012447815417519397
0.5107672214017887 0.012560357628895154
0.5115290692625328 0.012515472480861364
0.5114310469208775 0.012269191257316169
-------------------------------------------------- 60.77501702308655

-------------Round number: 64-------------

Evaluate before local training
Averaged Test Accurancy: 0.3333
Averaged Test AUC: 0.7908
File path: ../results/CIFAR10_FedCP_test_0.h5
0.5108436781202296 0.012593959265711984
0.5111213603582329 0.012485093600903508
0.5114098730711982 0.012373061818719782
0.511278174411601 0.012438360345404072
0.5113503386696371 0.012660040796588844
0.5109942794228212 0.012280483405673068
0.5112474271072409 0.012191996442603
0.5111503895754234 0.012339980045287031
0.5113006846636141 0.012541785138336798
0.5112073093963166 0.01271202071100795
0.511479190359704 0.012585413950497854
0.5116452634071883 0.012506145229926656
0.5109185727838522 0.012538235589624533
0.5107739464821 0.012799526478517328
0.5110234102616326 0.012411611419851636
0.5118697650420169 0.012628691173861936
0.5114032961305623 0.012396863834602248
0.5110973786705961 0.01237618895453126
0.5112323887327588 0.012590298310593558
0.5110805236185209 0.012267022723489576
-------------------------------------------------- 59.655478954315186

-------------Round number: 65-------------

Evaluate before local training
Averaged Test Accurancy: 0.3356
Averaged Test AUC: 0.7926
File path: ../results/CIFAR10_FedCP_test_0.h5
0.5116114941254062 0.012274639623678862
0.5115672354825224 0.012703753693946964
0.5112174046942248 0.012422774352350932
0.5112430549178941 0.012291924816535103
0.5111815405053723 0.012435667378313277
0.5111586482533695 0.012597372496102897
0.5118630599373808 0.01298621252819722
0.5115341563135959 0.012488075097936827
0.5115172913871132 0.0124917264635452
0.5113710741249796 0.012524012627628341
0.5108821053201189 0.012675706356784895
0.511206459480887 0.012679601436609964
0.5111850026803904 0.012597179207752055
0.511023231376058 0.01226655804097958
0.511375062704946 0.012413998905799518
0.5111754409552208 0.01199932714080296
0.5114978873170912 0.01251814613213973
0.5114411490682799 0.012397171010046875
0.5111162163412724 0.012334995465224438
0.511454351748781 0.012426314597391788
-------------------------------------------------- 60.8095269203186

-------------Round number: 66-------------

Evaluate before local training
Averaged Test Accurancy: 0.3414
Averaged Test AUC: 0.7942
File path: ../results/CIFAR10_FedCP_test_0.h5
0.5113152337905306 0.01218840526533033
0.5112423717330855 0.012479749086625379
0.511656662412478 0.012658852225527517
0.5113932894757733 0.012308940626149782
0.5114246941857824 0.0120608867709372
0.5114790314617448 0.012559675306380238
0.5117204142853808 0.012316946438710523
0.5114423089350263 0.012359588698388985
0.5112640554300294 0.01251804353886258
0.5112820375376405 0.01242579791331428
0.5112713808316345 0.012425547804661832
0.5111863273792924 0.012609080386969366
0.5112857940630653 0.012224584997651621
0.5115072039338068 0.012634342554407398
0.511067740435369 0.012281860190132297
0.5115683507771255 0.012447757718403629
0.5115293380087957 0.012462397920825945
0.5118741737559247 0.012693013639084328
0.511530376266306 0.012311618913658768
0.5107747549068575 0.012453910623720968
-------------------------------------------------- 61.72880721092224

-------------Round number: 67-------------

Evaluate before local training
Averaged Test Accurancy: 0.3405
Averaged Test AUC: 0.7956
File path: ../results/CIFAR10_FedCP_test_0.h5
0.511257948497167 0.012557894339383884
0.5114601047303623 0.012290927469832224
0.5117497738832847 0.012592321668374738
0.5112267965809084 0.01239961397879065
0.5112380564141159 0.012471941833969855
0.5116016685437316 0.01243424294580381
0.5107704105261618 0.012426629672543328
0.5113205520483928 0.012495974305084008
0.5117391313497837 0.012589399679998564
0.5116940265497527 0.012459180089359947
0.5114562236336305 0.012435141148120481
0.5113668283079996 0.012412666601690103
0.5115314646452469 0.0121236352181326
0.5116282002522777 0.012244322253755126
0.5116141232399222 0.012538422214533823
0.5118684035678132 0.01260036733274838
0.5112180844513013 0.012265544227310049
0.5114067100405105 0.012462251589424593
0.5108866404550962 0.012478599544538761
0.5115694736297696 0.012418074205150315
-------------------------------------------------- 59.85854983329773

-------------Round number: 68-------------

Evaluate before local training
Averaged Test Accurancy: 0.3427
Averaged Test AUC: 0.7974
File path: ../results/CIFAR10_FedCP_test_0.h5
0.5112144840317533 0.012531771007998302
0.5112730780950724 0.012177927285933858
0.5119910624523002 0.012416839167444503
0.5115994784551171 0.012372063179589103
0.5115379058421613 0.01256049439770604
0.5114112594655078 0.01246198963330079
0.5117006863658435 0.01244253739707904
0.5109079261788 0.012426557228122066
0.5113162309004876 0.01243425909030964
0.5115549487282375 0.012394346557784494
0.511555740956026 0.012251578708858355
0.5120162600293182 0.012473249080594538
0.5119088429432267 0.01262688270502497
0.5114908330023098 0.012380634867498654
0.5121896710509483 0.012595610021951474
0.5108092699665576 0.012212834694855611
0.5115249265367404 0.012748932467510235
0.511589596227098 0.01246061702694842
0.5119024274679713 0.01230852020194432
0.5117252836815822 0.012250253703361517
-------------------------------------------------- 61.7773916721344

-------------Round number: 69-------------

Evaluate before local training
Averaged Test Accurancy: 0.3459
Averaged Test AUC: 0.7988
File path: ../results/CIFAR10_FedCP_test_0.h5
0.511849822010845 0.012564276874704208
0.5115011262540252 0.012098296706507871
0.5117708376417749 0.012511934826503658
0.5120346082302814 0.012945275028955499
0.5120506022268763 0.012436873994991366
0.512000268826691 0.012366998104202854
0.5113674024573694 0.012415744141473938
0.511693662402626 0.012746029204354373
0.5115776403138462 0.01231073897353458
0.5121056446208595 0.012753736549669426
0.5116906556374344 0.012500184073510829
0.5115971627215353 0.012471786925100233
0.5122771510281242 0.012192452129723906
0.511697102105245 0.01209922208764219
0.5118480870916852 0.012366532217208822
0.5117515358142555 0.012500139377309425
0.5114980144187425 0.01251366784602614
0.5120487467099267 0.012416528886640502
0.5115237970573779 0.012455278177018282
0.511982156441694 0.012492638410918421
-------------------------------------------------- 61.3532977104187

-------------Round number: 70-------------

Evaluate before local training
Averaged Test Accurancy: 0.3475
Averaged Test AUC: 0.8001
File path: ../results/CIFAR10_FedCP_test_0.h5
0.511758616182189 0.012562163755205627
0.5112882189643688 0.012641865792186752
0.5116973806483051 0.012664330828357589
0.5116392178819157 0.012403892748640651
0.5120510400493482 0.012608577347388395
0.5115675272812185 0.012279175129521832
0.511782088316977 0.012307624637029536
0.5117795081355442 0.01241899973128637
0.5109525409121162 0.012654018390681894
0.5113568184061501 0.012461158733532915
0.5116773338343662 0.012046892423142478
0.5113357754471974 0.01245111621198387
0.5123987787594206 0.0125645495423327
0.5122485223393409 0.01234045208114475
0.5116793703728992 0.012559767574803813
0.5124447166991348 0.012384641152447059
0.5117588728690186 0.012350033260729181
0.5113587844042251 0.012822137584052793
0.5120729690369887 0.012334180692009745
0.5117533657895891 0.012489298757996512
-------------------------------------------------- 59.2517409324646

-------------Round number: 71-------------

Evaluate before local training
Averaged Test Accurancy: 0.3495
Averaged Test AUC: 0.8015
File path: ../results/CIFAR10_FedCP_test_0.h5
0.5115173996156571 0.012227339319737211
0.5118734465601543 0.012619110584979318
0.5113499579736247 0.012453196918119256
0.5119962743722285 0.012464403116266703
0.5110906809329604 0.01235475880653483
0.511661659532155 0.012606923550703046
0.5118012653711514 0.012343231319797815
0.5119184520071707 0.01242519157779961
0.5122017799263918 0.012530932109395284
0.5120307019649025 0.012626948017066469
0.5116716362781039 0.011952777439881216
0.5118506173113067 0.012246207273203963
0.5119289684658631 0.01256884925973868
0.5121425395616546 0.012593630123671994
0.5118228059237528 0.012148591490677145
0.5119333496102347 0.01258353592944862
0.5118126655355669 0.012345112654977704
0.5116691121425575 0.01253936801990958
0.5118182350953038 0.012311536898461446
0.5118337097959832 0.012420749163763102
-------------------------------------------------- 60.666473627090454

-------------Round number: 72-------------

Evaluate before local training
Averaged Test Accurancy: 0.3521
Averaged Test AUC: 0.8029
File path: ../results/CIFAR10_FedCP_test_0.h5
0.5124380790198652 0.012558387335069912
0.511603406140915 0.012405914461680274
0.5119838256699344 0.01249139492972031
0.5121905821081447 0.012640025497631376
0.512170281034345 0.012350607059219986
0.5123282587752701 0.012333270732945167
0.5115551789506123 0.012428385116829081
0.5118242587703161 0.012849642963359838
0.5119784728098565 0.012597117110092298
0.511447651263995 0.012422788187682953
0.5122657226494107 0.012212430641146308
0.5118221596886332 0.01232935451789809
0.5122182580570762 0.012543713081254695
0.5120470026189363 0.012271702228478724
0.5122658007680193 0.012373208454357871
0.5120869735010752 0.012296974308836047
0.5120448296268781 0.012487033526242194
0.5118286940269172 0.012216536639221265
0.5121886364829081 0.012488775388328141
0.511826371988998 0.01247021126763284
-------------------------------------------------- 60.722628116607666

-------------Round number: 73-------------

Evaluate before local training
Averaged Test Accurancy: 0.3514
Averaged Test AUC: 0.8041
File path: ../results/CIFAR10_FedCP_test_0.h5
0.5121590067926598 0.012268315232956335
0.5119322921566077 0.012574772714342257
0.5119864522742156 0.01225018889444482
0.5121131845945982 0.012377498100299792
0.5119293050673337 0.012052335563889776
0.5123203507600687 0.012494039266628142
0.5115977511005966 0.012503192192890637
0.5116802390234975 0.012081142013560265
0.5120511426566503 0.012395856453237493
0.511799652607013 0.012498084968532285
0.512027307744383 0.012386618532413955
0.5118016984122686 0.012601671708323539
0.5122697342258806 0.01234935201683753
0.5119461146637033 0.012468572083893396
0.5119008949886148 0.012633769327289072
0.5122640482985821 0.012309811002849535
0.5119312750891998 0.012476122285689091
0.512607397714582 0.012403261445340775
0.5120730918044081 0.012202175481327075
0.512208628635376 0.012513343936901556
-------------------------------------------------- 60.37835216522217

-------------Round number: 74-------------

Evaluate before local training
Averaged Test Accurancy: 0.3514
Averaged Test AUC: 0.8050
File path: ../results/CIFAR10_FedCP_test_0.h5
0.5120375321344718 0.012519268633500573
0.5123355498684472 0.011973495186306481
0.5113106732949232 0.012336438279100697
0.5121106839953706 0.012216979686352736
0.5120878911356589 0.01230430234526078
0.5121832956464436 0.012416458464374848
0.5113731308314854 0.012242412205613007
0.5123796399969321 0.012316664543197119
0.5117958415633975 0.01272995289106355
0.511864102158982 0.012252111539854007
0.5125483902367322 0.012514096822636472
0.5122795649923575 0.012704219079587749
0.5123653358612688 0.012536267670407275
0.5120346910614324 0.01238758746710033
0.512269920287415 0.012776519838315896
0.5118636886517589 0.012684382932559924
0.512111483894002 0.012286594740117751
0.5120310243338537 0.012405293385870453
0.5121538702231379 0.012352889473245353
0.5124390148438323 0.012478169200168946
-------------------------------------------------- 61.46015501022339

-------------Round number: 75-------------

Evaluate before local training
Averaged Test Accurancy: 0.3559
Averaged Test AUC: 0.8067
File path: ../results/CIFAR10_FedCP_test_0.h5
0.5119101496437859 0.01253804555291994
0.5120765869266902 0.012175844014185469
0.5123015850161513 0.01230358273733505
0.5123419078568426 0.012427115183814407
0.5120572000741959 0.01273820285616519
0.5122060978617997 0.012485977245838008
0.5119197931581814 0.012290688297882695
0.5121942987211813 0.012703762310599711
0.5122682690546897 0.01261201159001458
0.5118894753141854 0.012552782101899671
0.5122714492444618 0.011940553255323403
0.5115755958801234 0.012422903789778844
0.5117957325725767 0.012237072462592268
0.5120970904110715 0.012106787546070103
0.5126310273264654 0.012416729531089781
0.5126473142478901 0.01262671699863674
0.5119765777952778 0.012255976418819666
0.5124100335658743 0.01253568790260854
0.5123912948900118 0.012103473867279812
0.512470521689512 0.012563195467701715
-------------------------------------------------- 60.857903718948364

-------------Round number: 76-------------

Evaluate before local training
Averaged Test Accurancy: 0.3613
Averaged Test AUC: 0.8082
File path: ../results/CIFAR10_FedCP_test_0.h5
0.5125406464943901 0.012360107071001006
0.5122545174418542 0.012439649915620056
0.5124571686132978 0.012661192346092743
0.5122933704038396 0.012676479461850852
0.5123855670770774 0.012128479669137836
0.5128443909403032 0.012621319295767115
0.5128247330371195 0.01198624974415166
0.5126034164538559 0.01230039611298834
0.5124052898146403 0.012404344546332883
0.5128075455745252 0.01271990552247555
0.511982374493719 0.012499051602248921
0.5128350462645102 0.012525568904718625
0.5121265687170977 0.012392559429403632
0.5126544358925178 0.012495346731364364
0.5122914315225222 0.012441547367645306
0.5123781418109215 0.012708531341105613
0.5123195253933469 0.012143526746048518
0.5122557706567213 0.012264628190726181
0.5127052396583633 0.012638780040842046
0.512620738050781 0.012513147734606543
-------------------------------------------------- 59.95670437812805

-------------Round number: 77-------------

Evaluate before local training
Averaged Test Accurancy: 0.3614
Averaged Test AUC: 0.8095
File path: ../results/CIFAR10_FedCP_test_0.h5
0.5125125294718413 0.012387927933539496
0.5122823486558329 0.012297339833925546
0.5122649832986869 0.012447904785705243
0.5120635155441338 0.012130848375767502
0.5120940874085614 0.012394030539257686
0.5128295167397039 0.012428369701899877
0.5126296204857921 0.012499050550007955
0.5124307131179824 0.012586617866625969
0.5128595328245026 0.012126141097381688
0.5122258707952614 0.012399068257907046
0.5125335454104993 0.01247873875576118
0.5127358267871807 0.012296402744959743
0.5127198957384397 0.012362403628873574
0.5125880268020316 0.012412284465628686
0.512681621347407 0.012185057032240423
0.5126265839745219 0.012511048721127606
0.5125583046312002 0.012501074087004328
0.5125304639148407 0.012507800152277775
0.5126578955529019 0.012355808848249427
0.5126841231607474 0.012861366874872413
-------------------------------------------------- 61.32636213302612

-------------Round number: 78-------------

Evaluate before local training
Averaged Test Accurancy: 0.3625
Averaged Test AUC: 0.8107
File path: ../results/CIFAR10_FedCP_test_0.h5
0.5124549240661929 0.012199002239884436
0.5123249049035784 0.012490864928585723
0.5119573452796501 0.01233867956153595
0.5125588223887368 0.012643248558048676
0.5123545991403884 0.012399398693584748
0.5123413455171081 0.012859967562767347
0.5125881974251033 0.012452159430468209
0.5128424161304839 0.012171895919946163
0.5125464716999742 0.01257230394941476
0.5124589341177949 0.01245328593115178
0.5125580390449613 0.012476250098583679
0.5128491173546093 0.012634209124831429
0.512650048157248 0.012615641024407986
0.5126950963615224 0.012362012918142203
0.5125487429352525 0.012218466935469746
0.5130447108561221 0.012577252384069489
0.5120191775924084 0.012599522628047111
0.5128712755007049 0.012247017481334707
0.5126413924213594 0.012140811162943231
0.5132594906533949 0.012570629478927732
-------------------------------------------------- 60.02666473388672

-------------Round number: 79-------------

Evaluate before local training
Averaged Test Accurancy: 0.3625
Averaged Test AUC: 0.8117
File path: ../results/CIFAR10_FedCP_test_0.h5
0.5128293345486256 0.012346179268801894
0.5132795481536633 0.01262283921781789
0.5127090164460242 0.012633793596721716
0.5124964547248032 0.012570463735689347
0.5126895931255269 0.012398654998223737
0.512739115651991 0.012568893086167847
0.5130359009147073 0.012640948917813108
0.512694467133723 0.012252891003810875
0.5130223715558457 0.012633820023178548
0.5128038617877815 0.012423149181316142
0.5125287672958504 0.012532167490201382
0.5121116967728505 0.012455407181531602
0.5127823442882417 0.012043641042906806
0.5129459366942637 0.01257510089010661
0.5123582481263349 0.012393246522557128
0.5125387606378167 0.012333189552283644
0.5129914957647904 0.012332744992372573
0.5127751918289026 0.012683916262067423
0.5128857077768024 0.012031933226574658
0.5127576869697525 0.012192207519706072
-------------------------------------------------- 61.51513171195984

-------------Round number: 80-------------

Evaluate before local training
Averaged Test Accurancy: 0.3661
Averaged Test AUC: 0.8132
File path: ../results/CIFAR10_FedCP_test_0.h5
0.5132078218202178 0.012421355578929098
0.5120476012667402 0.012224272631999412
0.5129686234960038 0.012336712369730687
0.5129134647595959 0.012572052199488658
0.5125576952257409 0.012329397261061638
0.5133900181748546 0.012563632833758422
0.5127053482237419 0.01237245478411887
0.5127219691088325 0.012674152402331058
0.5130642047987726 0.012018480129724585
0.512958621689811 0.012410802083160536
0.5124848275445402 0.012026580567412374
0.5124961812612846 0.012724685314568223
0.5127855092899776 0.012215473386827375
0.5128747996133871 0.012219162587160362
0.512611899835368 0.012327050090308779
0.5134529396175191 0.012527582478842393
0.5128291652251321 0.012506141531495976
0.512523092305622 0.012422822512339667
0.5130492813813572 0.012196633427660718
0.513034082746181 0.012580946493800533
-------------------------------------------------- 61.05717206001282

-------------Round number: 81-------------

Evaluate before local training
Averaged Test Accurancy: 0.3678
Averaged Test AUC: 0.8144
File path: ../results/CIFAR10_FedCP_test_0.h5
0.5130599558425064 0.012470084651888078
0.512276195622503 0.012359553309153703
0.5126172785622705 0.012323769442511397
0.5128573836195037 0.012503677203486156
0.5128981158232842 0.012458076682906693
0.5132447653091871 0.01243281857629779
0.5127566768907201 0.012459399063499228
0.5134871111561855 0.012519868378168465
0.5125981765235529 0.01231368420448582
0.5127984903251323 0.012443409859902678
0.5128280119357729 0.012378937992841914
0.5130694677145817 0.012337366658787225
0.512859259517147 0.01225926741805378
0.5132681558423332 0.012053009496329252
0.5126241459869422 0.012449777230961858
0.5130785574706701 0.012339120713743176
0.5133570991456509 0.012381299527232133
0.5128368710955749 0.012567922965418872
0.5131236453994344 0.01265975543787083
0.5133286405187578 0.012606328526168097
-------------------------------------------------- 61.87875413894653

-------------Round number: 82-------------

Evaluate before local training
Averaged Test Accurancy: 0.3700
Averaged Test AUC: 0.8156
File path: ../results/CIFAR10_FedCP_test_0.h5
0.5131494370050346 0.012444947942358814
0.5128777758815349 0.012411672358718071
0.5133772389595642 0.01217174241918101
0.513212767859491 0.01235976341991597
0.5128771219476077 0.012345110242131878
0.5132300091358141 0.012065225818347474
0.5130063856853858 0.012496871231402987
0.5130989401338574 0.012510842130182429
0.5127414472058023 0.012146232848532144
0.512918289917975 0.012380737524309503
0.5131827227365321 0.012544484489388467
0.5131804025970782 0.012415948646434055
0.5128978064092689 0.012506275353947027
0.5130989436561672 0.012443687748689048
0.5128316946614248 0.012464157509261544
0.5130816941770414 0.012375677677445254
0.5129641215439493 0.012392759428654697
0.5133048757695808 0.012725544889195048
0.5127828636517128 0.012403567477763972
0.5128178410351467 0.01272375851874543
-------------------------------------------------- 60.27002787590027

-------------Round number: 83-------------

Evaluate before local training
Averaged Test Accurancy: 0.3706
Averaged Test AUC: 0.8169
File path: ../results/CIFAR10_FedCP_test_0.h5
0.5133728571113592 0.012605672735329948
0.5131278483029933 0.012343839240983347
0.5135550489887978 0.01229477876499836
0.5135094106125717 0.012332097659466938
0.5133549547993029 0.012186505286455283
0.5131091484680581 0.012421918069113462
0.513441726565361 0.012593210493942526
0.5125681979533954 0.012123268645545877
0.5135007048360049 0.012155838063389017
0.5128840611149104 0.012409405994684253
0.5133519616762274 0.012348087124545949
0.5135853915646869 0.012495910630916478
0.5132335089863493 0.012445839823278232
0.5134448149384787 0.012327285692017445
0.5133971764681566 0.012310280414775698
0.5129331732536421 0.012371658686635513
0.5136176453282436 0.012583775587095829
0.5131810714419072 0.012481822844001846
0.5128879596431477 0.012480723829937335
0.5136481770075475 0.012493698528757632
-------------------------------------------------- 61.99292612075806

-------------Round number: 84-------------

Evaluate before local training
Averaged Test Accurancy: 0.3710
Averaged Test AUC: 0.8180
File path: ../results/CIFAR10_FedCP_test_0.h5
0.5134833949522521 0.0127550877834545
0.5129871833591889 0.012325079246517599
0.5134235741815677 0.012617446532832427
0.5134217843102912 0.012743575337282086
0.5133601043206186 0.012355390701340311
0.5135373281171689 0.012343552872989603
0.5132125187307023 0.01244474058197109
0.5131398630686678 0.012679302265977677
0.5131408392857665 0.012325364202986484
0.5132110182097868 0.012326863108453188
0.513279977075469 0.012556728679076165
0.5137405129603277 0.012629670269207516
0.5132420988610158 0.012507794218698479
0.5131304420432762 0.012432383931120318
0.5133282203609363 0.012687733338448548
0.5131912501409459 0.012218348685259018
0.5135949642206423 0.012616879201944342
0.5131907605100423 0.012265364511203167
0.5128917585915098 0.012344683729136345
0.513279383928564 0.012387189200066652
-------------------------------------------------- 60.93231558799744

-------------Round number: 85-------------

Evaluate before local training
Averaged Test Accurancy: 0.3719
Averaged Test AUC: 0.8190
File path: ../results/CIFAR10_FedCP_test_0.h5
0.5131034804263005 0.012572709483823758
0.5135434404230461 0.012119604869147623
0.5135058196954047 0.012610660398214204
0.5133699343945736 0.012610796461435038
0.5133869061604716 0.012391323003360153
0.513136141798704 0.0124301846186394
0.5128679979377642 0.012321644040828078
0.5129779178696947 0.012596830519485545
0.5133604577097756 0.012641466054655137
0.5130317707938191 0.01269394168712091
0.513297028030808 0.011975733284284298
0.5133939531798928 0.01237258908001382
0.5131904338486493 0.012263215696897289
0.5126736606829442 0.012608703504618537
0.5133179246973342 0.012227181305520505
0.513345698814075 0.012318509914531024
0.5138040773737698 0.01275337372260565
0.5127878963636855 0.012441110289905386
0.5132529438258364 0.012337041208982463
0.5131722989639169 0.012469313730543436
-------------------------------------------------- 59.32127404212952

-------------Round number: 86-------------

Evaluate before local training
Averaged Test Accurancy: 0.3741
Averaged Test AUC: 0.8197
File path: ../results/CIFAR10_FedCP_test_0.h5
0.5130673181146193 0.012625316263663604
0.5131653790266659 0.01254395078427714
0.5132242856093515 0.012428058706335824
0.5136702558598839 0.01301595871291896
0.51291677612477 0.012535319144375843
0.5132664340094496 0.012389435155804821
0.51363219386947 0.01221816824285195
0.5134455168452592 0.012408958940313396
0.5136538109938172 0.012354775976019295
0.5133683561396442 0.012456702164139175
0.5134008713066578 0.012070008795435374
0.513517779751848 0.012234002463733197
0.5137173980229387 0.012210388601661272
0.5130504985960821 0.012665008078629168
0.5129924994439651 0.012487884588854371
0.5135054774940587 0.012436835872210662
0.5138330812064501 0.012188966878576745
0.5134368639954022 0.012527641097807718
0.5130539389494329 0.0122870800827892
0.5137140027199609 0.012668271610662496
-------------------------------------------------- 61.088350772857666

-------------Round number: 87-------------

Evaluate before local training
Averaged Test Accurancy: 0.3745
Averaged Test AUC: 0.8214
File path: ../results/CIFAR10_FedCP_test_0.h5
0.5137957331055824 0.012532292291061188
0.5137463716479639 0.01228984994935498
0.5136990915768995 0.012715498860069329
0.5135463832471615 0.012608717770681462
0.513551252318154 0.012689768574762702
0.5142184011041163 0.012221131406539533
0.5135123262134118 0.012239543193435445
0.5134292709378477 0.012453277266932555
0.5132754143828956 0.012125448353987349
0.5136332467126732 0.012576029821719108
0.5139674135627081 0.012371295648437353
0.5139727124060767 0.012255170844477085
0.5137626294071149 0.012222573224749959
0.5134727822449536 0.012581359981534897
0.5135205172909758 0.012659863193885389
0.5134066688141933 0.012653253613999675
0.5139624018651935 0.012345946777879672
0.5137946831348997 0.012269389104705437
0.513582562145434 0.012296453490772593
0.5130586936751282 0.012568212137373016
-------------------------------------------------- 60.61430549621582

-------------Round number: 88-------------

Evaluate before local training
Averaged Test Accurancy: 0.3765
Averaged Test AUC: 0.8224
File path: ../results/CIFAR10_FedCP_test_0.h5
0.5132148971972175 0.012230083524646452
0.5134753908794851 0.012456421992427136
0.513853588523582 0.012373723719080035
0.5139991828264334 0.012233957337601128
0.5138586779268315 0.012738603927322421
0.5136287560147282 0.012419799741698306
0.513312696638566 0.012198798437852626
0.5136913770021727 0.012379490817728876
0.5134911737282222 0.012740397931395912
0.5135036045207809 0.012695991444129905
0.5138658946499419 0.012258911669002144
0.5137158604828935 0.012719388888489605
0.514164503556318 0.01253594652258167
0.5137368425822411 0.012469440380510986
0.5136639593789974 0.012069866642703235
0.5138188635524458 0.012710810740821355
0.5135542636639193 0.0123744344019996
0.513745914822301 0.012433472750303893
0.513706757985533 0.012526942432330098
0.5140304054396275 0.012452064327238636
-------------------------------------------------- 61.26653718948364

-------------Round number: 89-------------

Evaluate before local training
Averaged Test Accurancy: 0.3795
Averaged Test AUC: 0.8236
File path: ../results/CIFAR10_FedCP_test_0.h5
0.5142484675639142 0.012433018469956826
0.5139519912190735 0.01218662466755107
0.5138560000878687 0.012209087564006892
0.5139904901122626 0.012326956157168624
0.5136632943329843 0.01249192591230685
0.5140468355817481 0.012565072859682893
0.5141665471287874 0.012285224554152189
0.5135866850972749 0.012369127119938256
0.5139324162513591 0.012440986899297984
0.513400647084778 0.01263638175531176
0.5140016336256686 0.012687734311371721
0.5140838413976897 0.01214015756333352
0.5135964312051472 0.012346403692489762
0.5140678583023449 0.012169344597278893
0.5144095502865429 0.012554929457165716
0.5135225955850612 0.012217829808386456
0.5137222697590723 0.012331202312826693
0.5138176918691514 0.012741489578230535
0.5135863785966276 0.012457721568739854
0.5143408817974361 0.01278324397106517
-------------------------------------------------- 60.90021276473999

-------------Round number: 90-------------

Evaluate before local training
Averaged Test Accurancy: 0.3809
Averaged Test AUC: 0.8244
File path: ../results/CIFAR10_FedCP_test_0.h5
0.5139509714924946 0.012646327844567238
0.5143210952623914 0.012833359623908523
0.5139365984031405 0.012836854342366961
0.5141292568415594 0.012533759205043482
0.514046255296144 0.012420953834414276
0.5134772182270688 0.012274885523209449
0.5139686292371689 0.012425389751625299
0.5141361764250084 0.012560375941543332
0.5141216636372682 0.012565802849960154
0.5140404030313029 0.012538502172631584
0.5139121425852767 0.012554942762751816
0.513593477364152 0.01248560883318589
0.5140459701562157 0.012402303790848297
0.5143074811877388 0.012466375566386311
0.5138303557745157 0.012497550459741753
0.5137561765180803 0.012278369116158178
0.5142411998807429 0.01229705344676803
0.51341825336791 0.012481481526917124
0.5142634553022873 0.012253568052460518
0.5139985410377192 0.012399634517827888
-------------------------------------------------- 60.8809027671814

-------------Round number: 91-------------

Evaluate before local training
Averaged Test Accurancy: 0.3814
Averaged Test AUC: 0.8245
File path: ../results/CIFAR10_FedCP_test_0.h5
0.5135942326428798 0.012454127186286275
0.5140392268076539 0.01235466156414215
0.5138399413615269 0.012293505794470772
0.5138018271790292 0.012347183700575842
0.5136388488448201 0.012444831126552204
0.5139062792601946 0.012548451004442988
0.5137396945904654 0.012316892334872842
0.5137724152479607 0.012235464841079725
0.5140758682973683 0.012403877504184771
0.5140218612236472 0.012271884522656644
0.5139450726385874 0.012644456056943356
0.513944673542984 0.012394136450365497
0.5141509398101614 0.012747488376603642
0.5140068265370642 0.012545172702695876
0.5145039936909691 0.012292316591729725
0.5143670371464012 0.012634087614712967
0.5140727153047919 0.0121705891418026
0.5141751291588522 0.012480171424488614
0.5145582465622096 0.012683729750071825
0.5143068487851474 0.012700930856943786
-------------------------------------------------- 59.108136892318726

-------------Round number: 92-------------

Evaluate before local training
Averaged Test Accurancy: 0.3817
Averaged Test AUC: 0.8263
File path: ../results/CIFAR10_FedCP_test_0.h5
0.5143454837947129 0.012693687030214623
0.514252724358812 0.0126985178503821
0.5139211110818462 0.012565157639056836
0.5145971578760788 0.012535798776906816
0.5139384670428148 0.01248374265868114
0.5143541052268866 0.012284259593314339
0.5138274435272538 0.012483483128344039
0.5140724986051328 0.012786126903590071
0.5145365102336001 0.012474431158912797
0.5141564534339857 0.01235284901079366
0.51454051451471 0.012752342942154648
0.5143037509674636 0.012886071557756111
0.5147013370401393 0.012275293598697631
0.5143073936685537 0.012265710945366338
0.5142878574820665 0.012518660501326585
0.5142995706783273 0.012370255804944935
0.5136207392757857 0.012697882563253675
0.5141004312138718 0.012235307168228161
0.5142772383510302 0.012585221204834634
0.5142337863023082 0.012349172270921735
-------------------------------------------------- 60.42291307449341

-------------Round number: 93-------------

Evaluate before local training
Averaged Test Accurancy: 0.3827
Averaged Test AUC: 0.8265
File path: ../results/CIFAR10_FedCP_test_0.h5
0.5142127729976844 0.012644257501402602
0.5139598687620539 0.012528126015886421
0.514228261840076 0.01247895260467677
0.5146203335279074 0.01234214785294036
0.5139060547838036 0.012085111366738862
0.514231028929843 0.012454387003746492
0.514531923052019 0.012343190230952615
0.5141188823140393 0.012383337725351424
0.5146346382008722 0.012251304461333183
0.5143841075806472 0.012189930192518898
0.5144693842157722 0.012180560194008703
0.514222700957601 0.012365371810379095
0.5139978686108803 0.01240758163742381
0.5147844166972507 0.012497677117847043
0.5142073679404954 0.012379362007642386
0.5139416110080978 0.012729154876694026
0.51441424164774 0.012258987061077017
0.5139973115008802 0.012101654990126422
0.5147716171490268 0.012620952008949204
0.5143191539204847 0.012739458823239139
-------------------------------------------------- 59.694958209991455

-------------Round number: 94-------------

Evaluate before local training
Averaged Test Accurancy: 0.3859
Averaged Test AUC: 0.8286
File path: ../results/CIFAR10_FedCP_test_0.h5
0.5143681960302944 0.012306103880412466
0.5140320418010417 0.012509691371885599
0.5142867003854078 0.012670915206888301
0.5146532179310154 0.012590339295758387
0.5141527294539489 0.012439780766482087
0.5146241597592448 0.012547900315809326
0.5145828817397929 0.012031021840744553
0.5140362876761508 0.01225291301276242
0.51403025082814 0.012343812696772821
0.5145394718274474 0.01227666135195234
0.51469247123131 0.012378171721837706
0.5142791091034619 0.012461548015756167
0.514994737226516 0.012412113621888978
0.5146751673533939 0.012575412603914232
0.514282865437532 0.01256495107546974
0.5140191290097741 0.0125073860567142
0.5148113088276333 0.012434629481403277
0.5139975044141082 0.012612829576397373
0.5144730575669271 0.012481668577482988
0.5145748731178733 0.012532429849808352
-------------------------------------------------- 61.18116855621338

-------------Round number: 95-------------

Evaluate before local training
Averaged Test Accurancy: 0.3904
Averaged Test AUC: 0.8294
File path: ../results/CIFAR10_FedCP_test_0.h5
0.5142232134627799 0.012630624481478805
0.514567267567588 0.012290810194853232
0.5149718393714955 0.012385964911021247
0.5145406524340311 0.012378259268087109
0.5143715504270333 0.01217597118901048
0.514148504103128 0.012533592020943486
0.5145874326975134 0.012580967679451197
0.5143526733423082 0.012177140086554758
0.5149596343552204 0.012456476952388043
0.514427501278428 0.012685822352571919
0.5144792213104665 0.012983808238784126
0.5146686227281431 0.012503480872939449
0.5146011750763043 0.012735478331672576
0.5150231337174773 0.012530956187603469
0.514919202517424 0.012311439153935436
0.5147927343511046 0.0126962156067767
0.5146728802938014 0.012358957354600677
0.5142778801158644 0.012447758011463769
0.5144969752201667 0.01246765538826194
0.5146145171796283 0.012640152514277064
-------------------------------------------------- 61.52931308746338

-------------Round number: 96-------------

Evaluate before local training
Averaged Test Accurancy: 0.3912
Averaged Test AUC: 0.8298
File path: ../results/CIFAR10_FedCP_test_0.h5
0.5147164634698512 0.012505414525857562
0.5147522746364733 0.012302629647741975
0.514879695390566 0.012457848524549661
0.5150826873783118 0.01247755922825837
0.5149341318039939 0.012508595081588247
0.5148440568636243 0.012542869186845834
0.5148071912714304 0.012371780437123113
0.5143514071018077 0.012618758319619667
0.514701506576668 0.012586797532236233
0.514711872980881 0.01272848132165921
0.514548591987573 0.012121383201154091
0.5152454421234628 0.012187010659430762
0.5145100830958631 0.012499935755790968
0.5148804668599788 0.012377854533631546
0.5151479415546515 0.01255908566675178
0.5152936376965581 0.012395458905447802
0.5144557781660786 0.012507385881440729
0.514723195001865 0.012518285739109626
0.5149255324131212 0.012439662179953357
0.514763054318535 0.01244700680966772
-------------------------------------------------- 58.351932525634766

-------------Round number: 97-------------

Evaluate before local training
Averaged Test Accurancy: 0.3936
Averaged Test AUC: 0.8316
File path: ../results/CIFAR10_FedCP_test_0.h5
0.5152966207466446 0.01219666846423781
0.5148921785398554 0.012739134415471559
0.5147471430123245 0.012476757199988132
0.5149990416646592 0.01233789158614068
0.5148044239061002 0.012407399996736403
0.5152534717359604 0.012504957922609883
0.5149069717750908 0.012218254854705927
0.5147033349096187 0.012673820523085003
0.5147360340954784 0.01286847540755184
0.5153766912766374 0.012578158776186002
0.514491230989687 0.01265610739660597
0.5158246151673106 0.012616476268772903
0.5146417003247494 0.012388889465017525
0.5143238350701256 0.012763797657136677
0.5147532383099389 0.01244222098368215
0.514858659906074 0.012345264256448994
0.5151337997343105 0.012432532939892446
0.5149479765946475 0.012425628723108116
0.5149380905725258 0.012308140277898512
0.5147610016238804 0.012371657165088343
-------------------------------------------------- 60.39579725265503

-------------Round number: 98-------------

Evaluate before local training
Averaged Test Accurancy: 0.3915
Averaged Test AUC: 0.8321
File path: ../results/CIFAR10_FedCP_test_0.h5
0.5150044297035306 0.012562503898298223
0.5152503758742425 0.012068116914669386
0.5145544565330522 0.012202470523233538
0.5147147164799464 0.012340053551345348
0.5149562671339434 0.012441217571273
0.5147403144659713 0.012678656075704252
0.5148231255798004 0.012606865661369501
0.5150686195836618 0.012288239997713635
0.5151816824156987 0.012407620554049327
0.5149038676540122 0.012471383608471363
0.5146787285518187 0.01238432275141507
0.5153721234589619 0.01247251403785855
0.5151268258475914 0.012381200864601347
0.5145151769408048 0.01283068553543202
0.514976121007632 0.012455504838383926
0.5144546845306953 0.012389955501743068
0.5147668055664653 0.012255065148458779
0.5151946856520879 0.01235192060419677
0.515131253343171 0.012251123046852393
0.5149312205970861 0.01247199901788657
-------------------------------------------------- 60.33229351043701

-------------Round number: 99-------------

Evaluate before local training
Averaged Test Accurancy: 0.3947
Averaged Test AUC: 0.8333
File path: ../results/CIFAR10_FedCP_test_0.h5
0.5145769122128303 0.012452404411353975
0.5147543099929431 0.012588176466550336
0.51487527286204 0.012424840516630266
0.5146791520160868 0.01228527356908655
0.5152466485085778 0.01248432374926137
0.5156491879039468 0.012370788053250207
0.5156639362685382 0.012477056395833788
0.5150793489809029 0.012255701976304883
0.5152588051155602 0.012649799103733147
0.5157205586393292 0.012631896776758394
0.5151940192072055 0.012671402028280996
0.5148387224389575 0.012437598450791466
0.5149287026351652 0.012598269022620831
0.5154526591874086 0.012523074517904617
0.515279066020575 0.013005650480492086
0.514861289698344 0.012461368593449798
0.5152710603403026 0.012386369634154041
0.5151463692100384 0.012406573408003666
0.5150350219307419 0.012296240710660175
0.5150969248926757 0.012428521939624465
-------------------------------------------------- 59.23690462112427

-------------Round number: 100-------------

Evaluate before local training
Averaged Test Accurancy: 0.3957
Averaged Test AUC: 0.8345
File path: ../results/CIFAR10_FedCP_test_0.h5
0.5151425854016382 0.01244318328155168
0.515419560424888 0.01212679637936456
0.5152343448418646 0.012471842991739852
0.5155781695428185 0.012578305431839087
0.5154540651859955 0.012450364626454173
0.515276698101508 0.012271524238820152
0.5153969063853415 0.012629803050574021
0.5150548037117681 0.01246096729437592
0.5146304355860737 0.012315219315331213
0.5150359256360202 0.012588267516039565
0.5148019935840216 0.012661722638741876
0.51529905882566 0.012454167420742235
0.5147593171384773 0.012550890587784967
0.5155874709837521 0.01257199422270695
0.5150572937937119 0.012456016343315437
0.5153084260436069 0.012470434639421742
0.5151403256906912 0.012548208838276167
0.514991006300522 0.012508179047634594
0.5151708129650125 0.012343709500043409
0.5151877299739192 0.012226362150278985
-------------------------------------------------- 60.40032172203064

Best global accuracy.
0.3957

Average time cost per round.
60.82309094667435

Average time cost: 6218.46s.

if the model file saved, please concern this result:
Length:  101
std for best accurancy: 0.0
mean for best accurancy: 0.3957
All done!

Storage on cuda:0
-------------------------------------------------------------------------------
Total Tensors: 227814014 	Used Memory: 529.04M
The allocated memory on cuda:0: 552.67M
Memory differs due to the matrix alignment or invisible gradient buffer tensors
-------------------------------------------------------------------------------
